,Unnamed: 0,name,x,y
0,0,다산치안센터,127.0108377,37.55638543
1,1,DDP치안센터,127.0108904,37.56804459
2,2,충4치안센터,126.9953587,37.56239918
3,3,구기치안센터,126.9564173,37.60957163
4,4,북아현치안센터,126.955296,37.5626238
5,5,신촌치안센터,126.9376599,37.55559488
6,6,종로3가치안센터,126.9923284,37.57124437
7,7,청파치안센터,126.9709027,37.54409128
8,8,남영치안센터,126.9728585,37.55011339
9,9,용산치안센터,126.9855706,37.54607483
10,10,한남2치안센터,127.0015318,37.5397706
11,11,이촌치안센터,126.9732982,37.5213567
12,12,돈암치안센터,127.012706,37.59447253
13,13,보문치안센터,127.0205444,37.5796746
14,14,삼선치안센터,127.0134874,37.586208
15,15,길음1치안센터,127.0153703,37.60388063
16,16,정릉1치안센터,127.0250142,37.603887
17,17,정릉3치안센터,126.9992456,37.6079332
18,18,정릉4치안센터,127.0081687,37.61194953
19,19,성북1치안센터,127.004033,37.59018019
20,20,답십리1치안센터,127.0568126,37.56466395
21,21,답십리2치안센터,127.060662,37.56724681
22,22,신설치안센터,127.0242117,37.57619013
23,23,용두치안센터,127.0339973,37.57834595
24,24,전농4치안센터,127.052389,37.57921292
25,25,남장안치안센터,127.0614573,37.56548747
26,26,장안3치안센터,127.0732951,37.56785169
27,27,이문2치안센터,127.0622711,37.60401883
28,28,아현치안센터,126.9603136,37.55746063
29,29,도화치안센터,126.9502058,37.54128739
30,30,대흥치안센터,126.9415227,37.54772736
31,31,노고산치안센터,126.9347098,37.55451272
32,32,서교치안센터,126.920803,37.55242543
33,33,동교치안센터,126.9286569,37.55723699
34,34,망원2치안센터,126.9037517,37.56162789
35,35,영2치안센터,126.9122135,37.51902197
36,36,도림치안센터,126.9046767,37.50956379
37,37,신길3치안센터,126.9107266,37.50830666
38,38,신길5치안센터,126.9077717,37.5006636
39,39,양평2치안센터,126.8959895,37.53783171
40,40,동마치안센터,127.0454073,37.56631969
41,41,마장치안센터,127.0375565,37.56914157
42,42,뚝섬치안센터,127.0443497,37.54640255
43,43,성수1치안센터,127.0511768,37.5396805
44,44,하왕치안센터,127.0318787,37.56312288
45,45,금남치안센터,127.0210484,37.54762986
46,46,노들치안센터,126.9536371,37.51240231
47,47,흑석2치안센터,126.968808,37.50600024
48,48,상도2치안센터,126.9391163,37.50416206
49,49,상도4치안센터,126.9375935,37.50081619
50,50,상도1치안센터,126.9545489,37.49470601
51,51,사당3치안센터,126.9746535,37.4835936
52,52,사당4치안센터,126.9716337,37.48097575
53,53,사당5치안센터,126.9657026,37.4889591
54,54,신대방2치안센터,126.924544,37.49841253
55,55,상도3치안센터,126.9303693,37.49991142
56,56,자양2치안센터,127.0847347,37.52882503
57,57,구의3치안센터,127.097898,37.53918807
58,58,신사1치안센터,126.9109829,37.59790027
59,59,증산치안센터,126.9068301,37.58358751
60,60,수색치안센터,126.8949551,37.58197188
61,61,응암4치안센터,126.9172812,37.58588832
62,62,역촌1치안센터,126.9179433,37.60444425
63,63,동화치안센터,127.0269751,37.62709135
64,64,미아3치안센터,127.0210246,37.62360979
65,65,숭인치안센터,127.0298759,37.6125133
66,66,우이치안센터,127.0128969,37.66314092
67,67,수유6치안센터,127.0157794,37.64420552
68,68,독산3치안센터,126.9078754,37.47655434
69,69,독산본치안센터,126.8999308,37.47532485
70,70,시흥4치안센터,126.9101866,37.4623033
71,71,시흥5치안센터,126.9094414,37.44858319
72,72,시흥본치안센터,126.9042313,37.45550391
73,73,시흥3치안센터,126.9026526,37.44588701
74,74,신독산치안센터,126.8877829,37.45794127
75,75,망우1치안센터,127.1064002,37.6012354
76,76,망우3치안센터,127.1017642,37.59468108
77,77,면목4치안센터,127.0805686,37.57437078
78,78,면목7치안센터,127.0857097,37.57737279
79,79,면목2치안센터,127.0762381,37.58967811
80,80,상봉2치안센터,127.083263,37.59242518
81,81,면목1치안센터,127.0886266,37.58667231
82,82,면목8치안센터,127.0945969,37.58478172
83,83,중화1치안센터,127.0798144,37.60116006
84,84,코엑스치안센터,127.059159,37.51182391
85,85,청담2치안센터,127.0478723,37.5227245
86,86,압구정치안센터,127.0306522,37.53061724
87,87,보라매치안센터,126.932302,37.48784455
88,88,행운치안센터,126.9615372,37.4784616
89,89,인헌치안센터,126.9653783,37.47396027
90,90,서원치안센터,126.9292937,37.48186424
91,91,신원치안센터,126.9263937,37.47945857
92,92,청룡2치안센터,126.9410278,37.47818852
93,93,대학동치안센터,126.9375577,37.46857368
94,94,청림치안센터,126.9580349,37.49104867
95,95,난곡치안센터,126.9200166,37.47125443
96,96,화곡본동치안센터,126.845382,37.54378352
97,97,개화2치안센터,126.7999386,37.57930252
98,98,천호2치안센터,127.1238546,37.54630376
99,99,천호3치안센터,127.1275822,37.53788419
100,100,길동2치안센터,127.1477364,37.54019978
101,101,암사1치안센터,127.1326396,37.5514791
102,102,천호1치안센터,127.1367994,37.54502087
103,103,성내2치안센터,127.1245994,37.53498661
104,104,명일1치안센터,127.1459828,37.54976156
105,105,석관1치안센터,127.0633097,37.61128845
106,106,장위1치안센터,127.0457169,37.61377132
107,107,장위지구대,127.0537727,37.61942694
108,108,월곡2치안센터,127.0429338,37.60302302
109,109,길음2치안센터,127.0272794,37.60680733
110,110,종암2치안센터,127.0350971,37.59818738
111,111,구로치안센터,126.8809121,37.50407565
112,112,신도림치안센터,126.8805952,37.50777999
113,113,구로1치안센터,126.8751758,37.49115732
114,114,구로2치안센터,126.883399,37.4913197
115,115,고척1치안센터,126.8627884,37.50040448
116,116,개봉1치안센터,126.8469609,37.50315157
117,117,개봉치안센터,126.8529387,37.49800452
118,118,개봉3치안센터,126.8538239,37.48585158
119,119,수궁치안센터,126.8188936,37.49347536
120,120,반포치안센터,127.0172221,37.50791468
121,121,잠원치안센터,127.0139821,37.51496808
122,122,방서치안센타,127.0044566,37.4823623
123,123,내곡치안센터,127.050699,37.46182406
124,124,우면치안센터,127.0271734,37.47185836
125,125,목6치안센터,126.8844161,37.53801088
126,126,목2치안센터,126.8689975,37.54417077
127,127,목4치안센터,126.868293,37.53237491
128,128,신정7치안센터,126.8688757,37.51151538
129,129,신정2치안센터,126.8705433,37.51916466
130,130,신월4치안센터,126.8400811,37.52469581
131,131,신월3치안센터,126.827237,37.53593022
132,132,송파1치안센터,127.1093124,37.50626355
133,133,잠실본동치안센터,127.0846106,37.5060237
134,134,잠실5치안센터,127.0941067,37.51330483
135,135,석촌치안센터,127.1038914,37.50362967
136,136,가락2치안센터,127.1323668,37.49322215
137,137,문정2치안센터,127.1111049,37.48994826
138,138,마천1치안센터,127.1549889,37.49646646
139,139,풍납1치안센터,127.1204589,37.53508352
140,140,월드치안센터,127.0930487,37.51313818
141,141,장지치안센터,127.1274406,37.47055342
142,142,하계1치안센터,127.072469,37.63328997
143,143,월계치안센터,127.0614537,37.62281514
144,144,월계2치안센터,127.0557498,37.62847653
145,145,월계3치안센터,127.0693255,37.62086347
146,146,공릉치안센터,127.0789162,37.62670927
147,147,중계본치안센터,127.0803887,37.64763734
148,148,상계4치안센터,127.0778527,37.67147109
149,149,상계8치안센터,127.0515533,37.66673618
150,150,방배3치안센터,126.9999966,37.47843876
151,151,구반포치안센터,126.9945784,37.50447154
152,152,방배4치안센터,126.9869296,37.49090764
153,153,불광1치안센터,126.9329288,37.618303
154,154,불광2치안센터,126.9202224,37.62454353
155,155,구산치안센터,126.9111495,37.6115011
156,156,갈현치안센터,126.91663,37.62388882
157,157,신도치안센터,126.9313519,37.63433506
158,158,상림치안센터,126.928943,37.64421689
159,159,방학2치안센터,127.0306638,37.66287311
160,160,도곡치안센터,127.0468383,37.48457382
161,161,역서치안센터,127.032209,37.49385729
162,162,은마치안센터,127.0614658,37.49836514
163,163,수서역치안센터,127.1045821,37.48540232
164,0,종로소방서 세종로,126.9789092,37.57285164
165,1,종로소방서 신교,126.9700275,37.58427892
166,2,종로소방서 종로,126.9922334,37.57126625
167,3,종로소방서 연건,127.0018354,37.57941428
168,4,종로소방서 신영,126.9608464,37.60579578
169,5,종로소방서 숭인,127.0217066,37.57776366
170,6,중부소방서_서울 무학,127.0153786,37.56486646
171,7,중부소방서_서울 을지로,127.0120257,37.56672857
172,8,중부소방서_서울 충무로,126.9929127,37.56215624
173,9,중부소방서_서울 회현,126.9833646,37.55820819
174,10,중부소방서_서울 신당,127.0096408,37.55292597
175,11,광진소방서 구의,127.0827785,37.54482602
176,12,광진소방서 능동,127.0769913,37.5516759
177,13,광진소방서 중곡,127.0866438,37.56694868
178,14,성동소방서 행당(구 송정),127.0395198,37.55387886
179,15,성동소방서 왕십리(구 행당),127.0354747,37.56203705
180,16,성동소방서 성동_금호,127.0242086,37.55400688
181,17,성동소방서 성수,127.0606545,37.53717646
182,18,용산소방서 한강로,126.9715065,37.53410744
183,19,용산소방서 이태원,126.9958001,37.53437336
184,20,용산소방서 후암,126.9778886,37.54893044
185,21,용산소방서 이촌,126.9534231,37.53005314
186,22,용산소방서 서빙고,126.99501,37.52083262
187,23,동대문소방서 동대문_장안,127.0667246,37.56375425
188,24,동대문소방서 청량리,127.052317,37.58716485
189,25,동대문소방서 전농,127.0460179,37.57630879
190,26,동대문소방서 용두,127.0317457,37.57784869
191,27,동대문소방서 휘경,127.0651427,37.59065855
192,28,중랑소방서 신내,127.0948865,37.6153857
193,29,중랑소방서 면목,127.0798785,37.57282334
194,30,중랑소방서 망우,127.1005719,37.59772583
195,31,중랑소방서 중화,127.0793344,37.6004604
196,32,영등포소방서 영등포,126.9041887,37.51843891
197,33,영등포소방서 여의도,126.9279738,37.51722468
198,34,영등포소방서 당산,126.8991927,37.53549738
199,35,영등포소방서 대림,126.9040607,37.49731349
200,36,영등포소방서 신길,126.9221934,37.51042808
201,37,성북소방서 종암,127.0317474,37.60242272
202,38,성북소방서 돈암,127.0144393,37.59098793
203,39,성북소방서 길음,127.0192113,37.60282033
204,40,성북소방서 장위,127.0582273,37.61561725
205,41,도봉소방서 방학,127.043019,37.66400647
206,42,도봉소방서 도봉,127.0430926,37.66895049
207,43,도봉소방서 창동,127.0437347,37.64676177
208,44,도봉소방서 쌍문,127.026816,37.6481984
209,45,노원소방서 하계,127.071107,37.63825496
210,46,노원소방서 상계,127.0716247,37.65505222
211,47,노원소방서 공릉,127.0806935,37.6190613
212,48,노원소방서 월계,127.0563938,37.62881058
213,49,노원소방서 수락,127.0557767,37.67974016
214,50,은평소방서 진관,126.9197881,37.62875652
215,51,은평소방서 녹번,126.9351461,37.60110498
216,52,은평소방서 역촌,126.9106696,37.60499073
217,53,은평소방서 수색,126.8899057,37.5852677
218,54,서대문소방서 서대문_연희,126.9359959,37.57320486
219,55,서대문소방서 북가좌,126.9130037,37.5828644
220,56,서대문소방서 홍은,126.9470295,37.59872329
221,57,서대문소방서 미근,126.9670743,37.56508532
222,58,마포소방서 신수,126.9331778,37.5493732
223,59,마포소방서 염리,126.9455727,37.54173359
224,60,마포소방서 서교,126.915544,37.55028471
225,61,마포소방서 마포_성산,126.9030583,37.57060935
226,62,마포소방서 공덕,126.9597672,37.55004875
227,63,마포소방서 상암,126.8812277,37.57991965
228,64,강남소방서 강남_삼성,127.0668302,37.51027919
229,65,강남소방서 영동,127.0369343,37.52214286
230,66,강남소방서 역삼,127.0424466,37.4971303
231,67,강남소방서 수서,127.0928417,37.48492685
232,68,강남소방서 개포,127.049895,37.47470048
233,69,서초소방서 반포,126.9919335,37.49844996
234,70,서초소방서 방배,126.98821,37.47550034
235,71,서초소방서 양재,127.0408251,37.46946351
236,72,서초소방서 서초,127.0275974,37.48803173
237,73,서초소방서 잠원,127.0116006,37.49907163
238,74,서초소방서 우면,127.021885,37.47957633
239,75,관악소방서 관악,126.9526855,37.47412481
240,76,관악소방서 봉천,126.941114,37.48594895
241,77,관악소방서 관악_신림,126.9239867,37.48963349
242,78,관악소방서 난곡,126.9160704,37.47568962
243,79,동작소방서 동작,126.9177186,37.49467213
244,80,동작소방서 노량진,126.9469439,37.51366963
245,81,동작소방서 상도,126.9294746,37.49904016
246,82,동작소방서 동작_백운,126.9615904,37.49480222
247,83,강서소방서_서울 등촌,126.860047,37.55824607
248,84,강서소방서_서울 화곡,126.8452235,37.54366474
249,85,강서소방서_서울 발산,126.836861,37.55526113
250,86,강서소방서_서울 방화,126.8142816,37.57979357
251,87,강서소방서_서울 개화,126.8031461,37.57500017
252,88,양천소방서 양천,126.8723423,37.53023597
253,89,양천소방서 양천_신정,126.8509559,37.52177565
254,90,양천소방서 목동,126.8835528,37.5427783
255,91,양천소방서 양천_신월,126.8330849,37.52792559
256,92,양천소방서 신트리,126.8479853,37.51061051
257,93,강동소방서 성내,127.1253721,37.52945788
258,94,강동소방서 천호,127.1313703,37.53861994
259,95,강동소방서 강동_고덕,127.1518605,37.55716556
260,96,강동소방서 암사,127.1286375,37.55398344
261,97,강동소방서 길동,127.1443577,37.54097449
262,98,송파소방서 마천,127.1425919,37.49983345
263,99,송파소방서 거여,127.151828,37.49416281
264,100,송파소방서 방이,127.1365719,37.51978456
265,101,송파소방서 잠실,127.0938931,37.50731648
266,102,송파소방서 운동장,127.0759396,37.51619968
267,103,송파소방서 가락,127.1087136,37.49453769
268,104,구로소방서 고일,126.8652158,37.49779283
269,105,구로소방서 수궁,126.8295431,37.4962645
270,106,구로소방서 고척,126.8548646,37.50492878
271,107,구로소방서 구로,126.8825483,37.49422749
272,108,구로소방서 독산,126.8982744,37.46789514
273,109,구로소방서 구로_시흥,126.9004831,37.4485477
274,110,구로소방서 신도림,126.8812125,37.50732443
275,111,구로소방서 구로_공단,126.8984326,37.48422508
276,112,강북소방서_서울 우이,127.0164963,37.64095359
277,113,강북소방서_서울 미아,127.0282947,37.6200218
278,114,강북소방서_서울 삼각산,127.0155034,37.61986254
279,0,청운효자동주민센터,126.9706207,37.58409211
280,1,사직동주민센터,126.9688539,37.57606858
281,2,삼청동주민센터,126.9818567,37.58500537
282,3,부암동주민센터,126.964065,37.59241132
283,4,평창동주민센터,126.9683674,37.60637332
284,5,무악동주민센터,126.9581596,37.57600022
285,6,교남동주민센터,126.9619602,37.57191387
286,7,가회동주민센터,126.9847891,37.58005086
287,8,종로1234가동주민센터,126.9889709,37.57071161
288,9,종로56가동주민센터,127.0050313,37.57206117
289,10,이화동주민센터,127.0043465,37.57697973
290,11,혜화동주민센터,127.0006231,37.58685154
291,12,창신1동주민센터,127.0163431,37.57071856
292,13,창신2동주민센터,127.010871,37.57445049
293,14,창신3동주민센터,127.0145586,37.57802956
294,15,숭인1동주민센터,127.0156281,37.57782273
295,16,숭인2동주민센터,127.0199617,37.57487529
296,17,소공동주민센터,126.9770419,37.56242289
297,18,회현동주민센터,126.9793555,37.55728611
298,19,명동주민센터,126.9858184,37.5600479
299,20,필동주민센터,126.9955974,37.56015769
300,21,장충동주민센터,127.0078401,37.56190715
301,22,광희동주민센터,127.005037,37.56446028
302,23,을지로동주민센터,126.99135,37.56669733
303,24,신당동주민센터,127.014445,37.56201888
304,25,다산동주민센터,127.0082945,37.55433289
305,26,약수동주민센터,127.0089948,37.55247345
306,27,청구동주민센터,127.0146854,37.55706761
307,28,신당제5동주민센터,127.0218661,37.5651269
308,29,동화동주민센터,127.0194224,37.55998237
309,30,황학동주민센터,127.0213823,37.56742273
310,31,중림동주민센터,126.9644544,37.55479085
311,32,후암동주민센터,126.9781522,37.54869884
312,33,용산2가동주민센터,126.9855706,37.54607483
313,34,남영동주민센터,126.9748246,37.54577416
314,35,청파동주민센터,126.9698731,37.5454791
315,36,원효로제1동주민센터,126.9676278,37.53724193
316,37,원효로제2동주민센터,126.9515469,37.53435268
317,38,효창동주민센터,126.9618379,37.54250834
318,39,용문동주민센터,126.9575843,37.53895578
319,40,한강로동주민센터,126.9692276,37.5281408
320,41,이촌제1동주민센터,126.9732982,37.5213567
321,42,이촌제2동주민센터,126.9546591,37.52628266
322,43,이태원제1동주민센터,126.9950674,37.53250655
323,44,이태원제2동주민센터,126.9901955,37.54190386
324,45,한남동주민센터,127.0004949,37.53456471
325,46,서빙고동주민센터,126.9946523,37.52047698
326,47,보광동주민센터,127.0001827,37.52630091
327,48,왕십리도선동주민센터,127.0255294,37.56787474
328,49,왕십리제2동주민센터,127.030513,37.56108275
329,50,마장동주민센터,127.0454073,37.56631969
330,51,사근동주민센터,127.045326,37.56149957
331,52,행당제1동주민센터,127.0361515,37.55850972
332,53,행당제2동주민센터,127.0293498,37.55822103
333,54,응봉동주민센터,127.0334024,37.55313923
334,55,금호1가동주민센터,127.0216494,37.55485999
335,56,금호2.3가동주민센터,127.0209111,37.55321004
336,57,금호4가동주민센터,127.0223524,37.54717885
337,58,옥수동주민센터,127.0134149,37.54364027
338,59,성수1가제1동주민센터,127.0496333,37.54102878
339,60,성수1가제2동주민센터,127.0443497,37.54640255
340,61,성수2가제1동주민센터,127.0540233,37.53954093
341,62,성수2가제3동주민센터,127.0552456,37.5482232
342,63,송정동주민센터,127.0695685,37.55453307
343,64,용답동주민센터,127.0555683,37.56406781
344,65,중곡제1동주민센터,127.0800521,37.56066762
345,66,중곡제2동주민센터,127.0814751,37.56015047
346,67,중곡제3동주민센터,127.0801381,37.56880689
347,68,중곡제4동주민센터,127.0894329,37.55909865
348,69,능동주민센터,127.0805521,37.5537606
349,70,구의제1동주민센터,127.0856773,37.54241324
350,71,구의제2동주민센터임시청사,127.0883599,37.54561639
351,72,구의제3동주민센터,127.0919847,37.53799342
352,73,광장동주민센터,127.1030098,37.54688276
353,74,자양제1동주민센터,127.0823949,37.53449795
354,75,자양제2동주민센터,127.0843875,37.52879933
355,76,자양제3동주민센터,127.0729024,37.53383394
356,77,자양제4동주민센터,127.0662584,37.53409779
357,78,화양동주민센터,127.0712676,37.54652678
358,79,군자동주민센터,127.07589,37.5551605
359,80,용신동주민센터,127.0372752,37.57580011
360,81,제기동주민센터,127.0378228,37.5831288
361,82,전농제1동주민센터,127.0477271,37.57797071
362,83,전농제2동주민센터,127.0600078,37.57809107
363,84,답십리제1동주민센터,127.0512749,37.57182309
364,85,답십리제2동주민센터,127.0612821,37.56739777
365,86,장안제1동주민센터,127.0664131,37.56781936
366,87,장안제2동주민센터,127.0705894,37.57847147
367,88,청량리동주민센터,127.0472854,37.58627625
368,89,회기동주민센터,127.0553779,37.59080616
369,90,휘경제1동주민센터,127.0657612,37.5929078
370,91,휘경제2동주민센터,127.0685918,37.59013384
371,92,이문제1동주민센터,127.065483,37.5978135
372,93,이문제2동주민센터,127.0651039,37.60337606
373,94,면목본동 주민센터,127.0875552,37.58735561
374,95,면목제2동 주민센터,127.0790295,37.58977313
375,96,면목제38동 주민센터,127.0880694,37.58295676
376,97,면목제4동 주민센터,127.0856085,37.57470151
377,98,면목제5동 주민센터,127.0794745,37.58575279
378,99,면목제7동 주민센터,127.0869674,37.57901366
379,100,상봉제1동 주민센터,127.0871613,37.59983752
380,101,상봉제2동 주민센터,127.0808518,37.59289195
381,102,중화제1동 주민센터,127.080661,37.60117128
382,103,중화제2동 주민센터,127.0795426,37.59938385
383,104,묵제1동 주민센터,127.0784793,37.61241458
384,105,묵제2동 주민센터,127.0758757,37.60955186
385,106,망우본동 주민센터,127.1014853,37.60056056
386,107,망우제3동 주민센터,127.0949182,37.59189966
387,108,신내제1동 주민센터,127.0995038,37.60586899
388,109,신내제2동 주민센터,127.0941598,37.60626485
389,110,성북동주민센터,127.0032478,37.59105175
390,111,삼선동주민센터,127.0146418,37.59084573
391,112,동선동주민센터,127.0204087,37.59398014
392,113,돈암제1동주민센터,127.0277374,37.60257969
393,114,돈암제2동주민센터,127.010539,37.59801698
394,115,안암동주민센터,127.0213756,37.58582076
395,116,보문동주민센터,127.0228035,37.58037354
396,117,정릉제1동주민센터,127.0166418,37.6014358
397,118,정릉제2동주민센터,127.0111396,37.60446495
398,119,정릉제3동주민센터,127.0041769,37.60895467
399,120,정릉제4동주민센터,127.0070184,37.61335758
400,121,길음제1동주민센터,127.0194561,37.61048654
401,122,길음제2동주민센터,127.0272794,37.60680733
402,123,종암동주민센터,127.0352236,37.59903437
403,124,월곡제1동주민센토,127.035762,37.61053624
404,125,월곡제2동주민센터,127.0478706,37.60577914
405,126,장위제1동주민센터,127.0436684,37.61406942
406,127,장위제2동주민센터,127.0544978,37.61239016
407,128,장위제3동주민센터,127.0566145,37.61655912
408,129,석관동주민센터,127.0614241,37.61297096
409,130,삼양동주민센터,127.0197725,37.62505177
410,131,미아동주민센터,127.0269751,37.62709135
411,132,송중동주민센터,127.0337803,37.61612179
412,133,송천동주민센터,127.023851,37.61829748
413,134,삼각산동주민센터,127.0207421,37.61514822
414,135,번1동주민센터,127.0288472,37.63789129
415,136,번2동주민센터,127.0390622,37.6318813
416,137,번3동주민센터,127.0465907,37.62586737
417,138,수유1동주민센터,127.0175594,37.6300516
418,139,수유2동주민센터,127.0198895,37.64464458
419,140,수유3동주민센터,127.0231464,37.6387147
420,141,우이동주민센터,127.0118697,37.64793425
421,142,인수동주민센터,127.0105968,37.64148693
422,143,쌍문제1동 주민센터,127.0260513,37.64803784
423,144,쌍문제2동 주민센터,127.0388316,37.6579418
424,145,쌍문제3동 주민센터,127.0279211,37.64898155
425,146,쌍문제4동 주민센터,127.0284052,37.65646373
426,147,방학제1동 주민센터,127.0406591,37.66422859
427,148,방학제2동 주민센터,127.0350512,37.66821354
428,149,방학제3동 주민센터,127.0280107,37.65917578
429,150,창제1동 주민센터,127.0438238,37.64837711
430,151,창제2동 주민센터,127.035653,37.64141508
431,152,창제3동 주민센터,127.0429904,37.63799988
432,153,창제4동 주민센터,127.0515393,37.65223813
433,154,창제5동 주민센터,127.0435868,37.65633441
434,155,도봉제1동 주민센터,127.0434133,37.67869086
435,156,도봉제2동 주민센터,127.046534,37.66967564
436,157,월계1동주민센터,127.0628833,37.61999186
437,158,월계2동주민센터,127.0507799,37.63250969
438,159,월계3동주민센터,127.0692318,37.62100498
439,160,공릉1동주민센터,127.0737505,37.62477801
440,161,공릉2동주민센터,127.0833787,37.62128712
441,162,하계1동주민센터,127.0725599,37.64055906
442,163,하계2동주민센터,127.0679518,37.63204326
443,164,중계본동주민센터,127.0802862,37.64780328
444,165,중계1동주민센터,127.0774758,37.65254803
445,166,중계2.3동주민센터,127.0687318,37.64212979
446,167,중계4동주민센터,127.0779752,37.65876366
447,168,상계1동주민센터,127.0549605,37.67992984
448,169,상계2동주민센터,127.0678641,37.65748313
449,170,상계3.4동주민센터,127.0832363,37.67291123
450,171,상계5동주민센터,127.069498,37.66273707
451,172,상계6.7동주민센터,127.0669501,37.65488369
452,173,상계8동주민센터,127.0515533,37.66673618
453,174,상계9동주민센터,127.0638188,37.66452079
454,175,상계10동주민센터,127.0602597,37.66128526
455,176,녹번동주민센터,126.9288229,37.60245742
456,177,불광제1동주민센터,126.9320881,37.61035273
457,178,불광제2동주민센터,126.9257195,37.62085217
458,179,갈현제1동주민센터,126.9166888,37.62368848
459,180,갈현제2동주민센터,126.9157763,37.61867537
460,181,구산동주민센터,126.9103541,37.61175584
461,182,대조동주민센터,126.9208071,37.61417599
462,183,응암제1동주민센터,126.9267462,37.6006967
463,184,응암제2동주민센터,126.9230685,37.59458158
464,185,응암제3동주민센터,126.9157173,37.59222993
465,186,역촌동주민센터,126.9151009,37.60440241
466,187,신사제1동주민센터,126.9117597,37.59779426
467,188,신사제2동주민센터,126.9080583,37.59025708
468,189,증산동주민센터,126.9070273,37.58435477
469,190,수색동주민센터,126.8936446,37.58352996
470,191,진관동주민센터,126.9210378,37.63501732
471,192,충현동주민센터,126.9547199,37.56480697
472,193,천연동주민센터,126.9590677,37.57111489
473,194,북아현동주민센터,126.9570364,37.55947096
474,195,신촌동주민센터,126.9435048,37.55954878
475,196,연희동주민센터,126.9352207,37.57388703
476,197,홍제제1동주민센터,126.9448892,37.58770606
477,198,홍제제2동주민센터,126.9493691,37.58610547
478,199,홍제제3동주민센터,126.9496911,37.59376657
479,200,홍은제1동주민센터,126.9471453,37.59885299
480,201,홍은제2동주민센터,126.9341504,37.58010825
481,202,남가좌제1동주민센터,126.9197797,37.57327487
482,203,남가좌제2동주민센터,126.9238669,37.57843406
483,204,북가좌제1동주민센터,126.9101907,37.57430267
484,205,북가좌제2동주민센터,126.9111755,37.58149091
485,206,공덕동주민센터,126.9600328,37.55017417
486,207,아현동주민센터,126.9521571,37.54710694
487,208,도화동주민센터,126.9498753,37.54153106
488,209,용강동주민센터,126.9428348,37.54232552
489,210,대흥동주민센터,126.9423726,37.55585099
490,211,염리동주민센터,126.9456478,37.54707412
491,212,신수동주민센터,126.9351045,37.54715926
492,213,서강동주민센터,126.9320618,37.54773473
493,214,서교동주민센터,126.9145897,37.55511048
494,215,합정동주민센터,126.911726,37.55161665
495,216,망원제1동주민센터,126.9055913,37.55558837
496,217,망원제2동주민센터,126.9023171,37.56031134
497,218,연남동주민센터,126.9220214,37.56450401
498,219,성산제1동주민센터,126.9078957,37.56336849
499,220,성산제2동주민센터,126.9089695,37.56861384
500,221,상암동주민센터,126.894673,37.57833432
501,222,목1동주민센터,126.8711898,37.53036563
502,223,목2동주민센터,126.8717015,37.54614359
503,224,목3동주민센터,126.8644362,37.54474118
504,225,목4동주민센터,126.8683948,37.53243314
505,226,목5동주민센터,126.8817165,37.53718334
506,227,신월1동주민센터,126.8315273,37.53280626
507,228,신월2동주민센터,126.8445695,37.52497426
508,229,신월3동주민센터,126.8290822,37.53363175
509,230,신월4동주민센터,126.8400811,37.52469581
510,231,신월5동주민센터,126.8271743,37.53858213
511,232,신월6동주민센터,126.8450865,37.5180156
512,233,신월7동주민센터,126.834709,37.52188377
513,234,신정1동주민센터,126.8542861,37.51857188
514,235,신정2동주민센터,126.870674,37.51921418
515,236,신정3동주민센터,126.8547892,37.51514715
516,237,신정4동주민센터,126.855803,37.52456036
517,238,신정6동주민센터,126.8643886,37.51705671
518,239,신정7동주민센터,126.8596713,37.51439945
519,240,염창동주민센터,126.8709657,37.55377136
520,241,등촌제1동주민센터,126.8589098,37.55582869
521,242,등촌제2동주민센터,126.8625035,37.54265827
522,243,등촌제3동주민센터,126.8479185,37.55888771
523,244,화곡본동주민센터,126.8476634,37.54404823
524,245,화곡제1동주민센터,126.8415925,37.53050858
525,246,화곡제2동주민센터,126.8544885,37.53182784
526,247,화곡제3동주민센터,126.8384139,37.54252631
527,248,화곡제4동주민센터,126.8607489,37.53480238
528,249,화곡제6동주민센터,126.8500765,37.55181666
529,250,화곡제8동주민센터,126.8483304,37.53269577
530,251,우장산동주민센터,126.8418363,37.54828859
531,252,가양제1동주민센터,126.8447046,37.56948816
532,253,가양제2동주민센터,126.8512712,37.56739892
533,254,가양제3동주민센터,126.8605577,37.56108697
534,255,발산제1동주민센터,126.8331774,37.5531163
535,256,공항동주민센터,126.8100743,37.55878281
536,257,방화제1동주민센터,126.817051,37.57034251
537,258,방화제2동주민센터,126.8067375,37.56671867
538,259,방화제3동주민센터,126.8136575,37.57871896
539,260,신도림동주민센터,126.8805952,37.50777999
540,261,구로제1동주민센터,126.8757883,37.49304008
541,262,구로제2동주민센터,126.883399,37.4913197
542,263,구로제3동주민센터,126.89033,37.48734704
543,264,구로제4동주민센터,126.8891489,37.49157662
544,265,구로제5동주민센터,126.8893378,37.50010311
545,266,가리봉동주민센터,126.8897181,37.4825341
546,267,고척제1동주민센터,126.8627884,37.50040448
547,268,고척제2동주민센터,126.8586053,37.50669208
548,269,개봉제1동주민센터,126.8511388,37.50024126
549,270,개봉제2동주민센터,126.8620329,37.49250746
550,271,개봉제3동주민센터,126.8538383,37.4859944
551,272,오류제1동주민센터,126.8451219,37.49702838
552,273,오류제2동주민센터,126.8395133,37.48881354
553,274,수궁동주민센터,126.8314768,37.4938915
554,275,항동주민센터,126.8233947,37.48014529
555,276,가산동주민센터,126.8917817,37.47689182
556,277,독산제1동주민센터,126.8970437,37.47021905
557,278,독산제2동주민센터,126.9034825,37.4631474
558,279,독산제3동주민센터,126.9031745,37.47516041
559,280,독산제4동주민센터,126.9021682,37.46755353
560,281,시흥제1동주민센터,126.9032506,37.45355197
561,282,시흥제2동주민센터,126.9146119,37.44963195
562,283,시흥제3동주민센터,126.9058017,37.44025903
563,284,시흥제4동주민센터,126.9061844,37.45897879
564,285,시흥제5동주민센터,126.9083415,37.4507346
565,286,영등포본동주민센터,126.9093394,37.51466633
566,287,영등포동주민센터,126.9106976,37.52038937
567,288,여의동주민센터,126.934614,37.51769391
568,289,당산제1동주민센터,126.8974049,37.52512811
569,290,당산제2동주민센터,126.8973478,37.53101151
570,291,도림동주민센터,126.8959996,37.5094934
571,292,문래동주민센터,126.8995233,37.51710975
572,293,양평제1동주민센터,126.8882263,37.52364629
573,294,양평제2동주민센터,126.8940394,37.53650136
574,295,신길제1동주민센터,126.9214422,37.51116875
575,296,신길제3동주민센터,126.9077496,37.50729867
576,297,신길제4동주민센터,126.9113577,37.50845067
577,298,신길제5동주민센터,126.905219,37.5016416
578,299,신길제6동주민센터,126.9194425,37.49849837
579,300,신길제7동주민센터,126.9215141,37.50639203
580,301,대림제1동주민센터,126.905842,37.49545723
581,302,대림제2동주민센터,126.8982505,37.49273981
582,303,대림제3동주민센터,126.8980344,37.49831352
583,304,노량진제1동주민센터,126.9419936,37.51230121
584,305,노량진제2동주민센터,126.9373567,37.50851669
585,306,상도제1동주민센터,126.9530811,37.49810133
586,307,상도제2동주민센터,126.9423012,37.50546805
587,308,상도제3동주민센터,126.931404,37.49912572
588,309,상도제4동주민센터,126.9414012,37.49937464
589,310,흑석동주민센터,126.9665927,37.505777
590,311,사당제1동주민센터,126.9787728,37.48307246
591,312,사당제2동주민센터,126.9792525,37.4887124
592,313,사당제3동주민센터,126.9720393,37.48668752
593,314,사당제4동주민센터,126.9716337,37.48097575
594,315,사당제5동주민센터,126.9669792,37.48566276
595,316,대방동주민센터,126.9263229,37.50815443
596,317,신대방제1동주민센터,126.9100394,37.48894469
597,318,신대방제2동주민센터,126.924544,37.49841253
598,319,보라매동주민센터,126.932778,37.48817585
599,320,은천동주민센터,126.9424095,37.48530456
600,321,성현동주민센터,126.9481596,37.48952989
601,322,중앙동주민센터,126.9497511,37.48419282
602,323,청림동주민센터,126.9586277,37.49184717
603,324,행운동주민센터,126.9570309,37.48064257
604,325,청룡동주민센터,126.9416407,37.4791175
605,326,낙성대동주민센터,126.9583326,37.47649632
606,327,인헌동주민센터,126.9653243,37.47509931
607,328,남현동주민센터,126.9778753,37.47468786
608,329,신림동주민센터,126.9271139,37.487396
609,330,신사동주민센터,126.9180359,37.48541288
610,331,조원동주민센터,126.9077947,37.48256328
611,332,미성동주민센터,126.9155517,37.47617498
612,333,난곡동주민센터,126.9216418,37.47102189
613,334,난향동주민센터,126.9187965,37.46151944
614,335,서원동주민센터,126.9313747,37.47976918
615,336,신원동주민센터,126.9273799,37.48161061
616,337,서림동주민센터,126.9349996,37.47499588
617,338,삼성동주민센터,126.9329623,37.4701073
618,339,대학동주민센터,126.9369573,37.47059604
619,340,서초1동주민센터,127.0194671,37.49019154
620,341,서초2동주민센터,127.0249478,37.49206947
621,342,서초3동주민센터,127.0119913,37.48371635
622,343,서초4동주민센터,127.02221,37.50271558
623,344,잠원동주민센터,127.0139821,37.51496808
624,345,반포본동주민센터,126.986904,37.50213895
625,346,반포1동주민센터,127.0133786,37.50509404
626,347,반포2동주민센터,126.9944715,37.50458659
627,348,반포3동주민센터,127.0056087,37.51204799
628,349,반포4동주민센터,127.0003286,37.49748589
629,350,방배본동주민센터,126.988847,37.49414867
630,351,방배1동주민센터,126.9945139,37.48336166
631,352,방배2동주민센터,126.9855596,37.47977264
632,353,방배3동주민센터,126.9999966,37.47843876
633,354,방배4동주민센터,126.9922424,37.48900761
634,355,양재1동주민센터,127.0266688,37.47167106
635,356,양재2동주민센터,127.0412829,37.47064502
636,357,내곡동주민센터,127.0583143,37.44935828
637,358,신사동주민센터,127.0227964,37.52397448
638,359,논현1동주민센터,127.0285345,37.5115038
639,360,논현2동주민센터,127.0372042,37.51728313
640,361,압구정동주민센터,127.0306522,37.53061724
641,362,청담동주민센터,127.0492911,37.52509211
642,363,삼성1동주민센터,127.062501,37.5143323
643,364,삼성2동주민센터,127.0459769,37.51120727
644,365,대치1동주민센터,127.056775,37.49324481
645,366,대치2동주민센터,127.0641877,37.50230433
646,367,대치4동주민센터,127.0578495,37.49972974
647,368,역삼1동주민센터,127.0332838,37.49537321
648,369,역삼2동주민센터,127.046815,37.49597383
649,370,도곡1동주민센터,127.0388804,37.4883103
650,371,도곡2동주민센터,127.046407,37.48372308
651,372,개포1동주민센터,127.0543931,37.48328034
652,373,개포2동주민센터,127.0690768,37.48978362
653,374,개포4동주민센터,127.0516585,37.47881995
654,375,일원본동주민센터,127.0864829,37.48337906
655,376,일원1동주민센터,127.0880264,37.49185469
656,377,일원2동주민센터,127.0736771,37.49215103
657,378,수서동주민센터,127.1049911,37.4889031
658,379,세곡동주민센터,127.1069125,37.46904926
659,380,풍납1동주민센터,127.1220741,37.53807237
660,381,풍납2동주민센터,127.1157303,37.52923995
661,382,거여1동주민센터,127.1433044,37.49694018
662,383,거여2동주민센터,127.1468274,37.49353897
663,384,마천1동주민센터,127.1499482,37.49600273
664,385,마천2동주민센터,127.1485343,37.49684218
665,386,방이1동주민센터,127.1239058,37.5109768
666,387,방이2동주민센터,127.111305,37.5164187
667,388,오륜동주민센터,127.134274,37.51555725
668,389,오금동주민센터,127.1280831,37.50299026
669,390,송파1동주민센터,127.1093124,37.50626355
670,391,송파2동주민센터,127.1167367,37.50231833
671,392,석촌동주민센터,127.1036842,37.5035629
672,393,삼전동주민센터,127.0925231,37.50272496
673,394,가락본동주민센터,127.1217613,37.49558031
674,395,가락1동주민센터,127.1230517,37.50304147
675,396,가락2동주민센터,127.1266095,37.49867675
676,397,문정1동주민센터,127.1241807,37.49007382
677,398,문정2동주민센터,127.1108968,37.48988331
678,399,장지동주민센터,127.1324383,37.48696583
679,400,위례동주민센터,127.1439378,37.48116566
680,401,잠실본동주민센터,127.0842989,37.50615944
681,402,잠실2동주민센터,127.0885409,37.51189159
682,403,잠실3동주민센터,127.0943752,37.51329966
683,404,잠실4동주민센터,127.1122446,37.52010823
684,405,잠실6동주민센터,127.1006398,37.51811892
685,406,잠실7동주민센터,127.0765197,37.50865223
686,407,강일동주민센터,127.1739072,37.56504103
687,408,상일제1동주민센터,127.1683006,37.55058303
688,409,상일제2동주민센터,127.1758656,37.54992752
689,410,명일제1동주민센터,127.1443451,37.55126175
690,411,명일제2동주민센터,127.1513524,37.5463638
691,412,고덕제1동주민센터,127.1515076,37.55728071
692,413,고덕제2동주민센터,127.1643563,37.56050657
693,414,암사제1동주민센터,127.1326396,37.5514791
694,415,암사제2동주민센터,127.1272709,37.5517063
695,416,암사제3동주민센터,127.1407841,37.55499636
696,417,천호제1동주민센터,127.1367994,37.54502087
697,418,천호제2동주민센터,127.1254311,37.54345134
698,419,천호제3동주민센터,127.1331156,37.53660488
699,420,성내제1동주민센터,127.122458,37.53047772
700,421,성내제2동주민센터,127.1295408,37.53243047
701,422,성내제3동주민센터,127.1328839,37.52604217
702,423,길동주민센터,127.1426858,37.53456231
703,424,둔촌제1동주민센터,127.1419485,37.53334613
704,425,둔촌제2동주민센터,127.1419485,37.53334613
