Unnamed: 0,apt_code,name,type,road_addr,local1,local2,local3,local4,gene_type,apt_gene,apt_const,apt_area,apt_parking,x,y,car_road,train_n,bus_n,admin,medical,culture,eschool_n,kinder_n,d_center_n,edu_n,bank,mart,convin,cluster
1395,A13610107,길음뉴타운 경남아너스빌,아파트,서울특별시 성북구 정릉로 305,서울,성북구,정릉동,,분양,860,경남기업(주),67322.0,802.0,127.0171534,37.6043325,1.0,3.0,93.0,6.0,35.0,0.0,4.0,13.0,93.0,139.0,7.0,4.0,34.0,0
2199,A12172401,마포자이2차,아파트,서울특별시 마포구 서강대길 40,서울,마포구,대흥동,마포자이2차,,558,GS건설(주),46061.0,758.0,126.9410747,37.5492559,0.0,3.0,81.0,7.0,30.0,0.0,3.0,6.0,33.0,166.0,7.0,1.0,46.0,0
918,A13608301,보문아이파크,아파트,서울특별시 성북구 지봉로21길 19,서울,성북구,보문동3가,보문아이파크,분양,431,현대산업개발,33820.0,483.0,127.0166232,37.5855901,0.0,3.0,77.0,6.0,26.0,0.0,4.0,8.0,34.0,75.0,9.0,4.0,42.0,0
74,A13609001,종암우림카이저팰리스,주상복합,서울특별시 성북구 종암로 132,서울,성북구,종암동,132번지,분양,161,우림건설,13656.0,218.0,127.0334853,37.6018897,0.0,2.0,83.0,7.0,42.0,0.0,3.0,7.0,72.0,98.0,6.0,2.0,36.0,0
1009,A13402103,천호우성,아파트,서울특별시 강동구 구천면로 366,서울,강동구,천호동,19-1,분양,479,우성건설,33844.0,220.0,127.1388427,37.549769,0.0,2.0,52.0,7.0,48.0,1.0,3.0,5.0,85.0,141.0,7.0,1.0,47.0,0
2133,B13003001,답십리한화,,,서울,동대문구,답십리1동,서울 동대문구 답십리1동994,,146,한화건설,,168.0,127.0540053,37.5669286,0.0,3.0,42.0,8.0,33.0,0.0,4.0,7.0,44.0,44.0,7.0,2.0,44.0,0
1056,A13606102,돈암범양,아파트,서울특별시 성북구 정릉로 402-16,서울,성북구,돈암동,631번지,분양,499,범양건영(주),40840.0,0.0,127.0280209,37.603349,1.0,1.0,85.0,7.0,43.0,1.0,2.0,5.0,80.0,122.0,7.0,8.0,32.0,0
1964,A13611008,길음뉴타운8단지,아파트,서울특별시 성북구 길음로 33,서울,성북구,길음동,길음뉴타운8단지,분양,1497,삼성물산 주식회사,120962.0,1750.0,127.0179788,37.6074358,0.0,3.0,68.0,6.0,34.0,0.0,4.0,10.0,93.0,115.0,8.0,4.0,33.0,0
916,A13305006,마장삼성,아파트,서울특별시 성동구 마장로 271,서울,성동구,마장동,817,분양,430,삼성건설(주),35039.0,454.0,127.0402374,37.5661691,0.0,6.0,76.0,5.0,36.0,1.0,4.0,8.0,31.0,32.0,10.0,2.0,35.0,0
1447,A13611005,길음래미안3차,아파트,서울특별시 성북구 길음로 16,서울,성북구,길음동,1283번지,분양,977,삼성물산,80165.0,1257.0,127.0229072,37.6062699,1.0,1.0,71.0,8.0,37.0,0.0,3.0,8.0,93.0,125.0,5.0,9.0,32.0,0
1629,A15106901,"봉천두산1,2단지",아파트,서울특별시 관악구 봉천로 387,서울,관악구,봉천동,두산아파트,분양,2001,두산,166397.0,2457.0,126.9431459,37.4848788,0.0,1.0,82.0,6.0,36.0,0.0,4.0,8.0,67.0,110.0,5.0,3.0,71.0,0
2309,A10028056,북한산힐스테이트7차제2 (임대),아파트,서울특별시 은평구 통일로 792,서울,은평구,불광동,116동,임대,188,현대건설(주),7083.0,192.0,126.9269016,37.61558755,0.0,5.0,74.0,4.0,53.0,2.0,4.0,5.0,50.0,62.0,11.0,4.0,37.0,0
2057,A13307002,서울숲행당푸르지오,아파트,서울특별시 성동구 고산자로 177,서울,성동구,행당동,서울숲행당푸르지오아파트 관리사무소(104동옆),분양,457,대우건설,35459.0,539.0,127.0331791,37.5554384,0.0,4.0,125.0,6.0,30.0,0.0,3.0,6.0,60.0,100.0,4.0,0.0,34.0,0
1017,A15609003,사당휴먼시아,아파트,서울특별시 동작구 사당로16길 96,서울,동작구,사당동,1154,분양,480,(주)서희건설,38308.0,527.0,126.9702595,37.4790915,1.0,2.0,41.0,7.0,38.0,0.0,4.0,6.0,51.0,62.0,4.0,2.0,55.0,0
47,A15007101,대림갑을명가,아파트,서울특별시 영등포구 대림로22길 29,서울,영등포구,대림동,대림동갑을명가아파트,분양,157,갑을건설(주),13326.0,181.0,126.9036771,37.4956182,0.0,2.0,86.0,6.0,57.0,0.0,3.0,7.0,56.0,45.0,8.0,2.0,35.0,0
1930,A15096001,신길자이,아파트,서울특별시 영등포구 가마산로79길 19,서울,영등포구,신길동,,분양,198,GS건설,16004.0,226.0,126.9165908,37.506462,0.0,2.0,101.0,6.0,31.0,0.0,3.0,6.0,71.0,98.0,7.0,3.0,38.0,0
76,A13880602,가락우성2차아파트,아파트,서울특별시 송파구 중대로12길 35,서울,송파구,가락동,120-4,분양,162,우성건설,11491.0,156.0,127.1255185,37.4918819,0.0,4.0,55.0,4.0,43.0,1.0,5.0,5.0,48.0,85.0,14.0,2.0,39.0,0
1659,A15701003,우장산아이파크이편한세상,아파트,서울특별시 강서구 강서로 266,서울,강서구,화곡동,,분양,2517,"현대산업개발, 대림산업",215891.0,3250.0,126.8404024,37.5488035,0.0,2.0,56.0,6.0,57.0,1.0,3.0,7.0,66.0,196.0,8.0,2.0,45.0,0
2739,A10023372,BX201 청년주택,,,서울,관악구,봉천동,,임대,201,강남건영(주),4158.0,,126.9533507,37.47973232,0.0,1.0,57.0,5.0,53.0,0.0,5.0,5.0,35.0,60.0,10.0,2.0,75.0,0
1971,A13606005,동소문한진임대,아파트,서울특별시 성북구 성북로4길 52,서울,성북구,돈암동,609-1,임대,580,한진,18844.0,96.0,127.0102405,37.5949161,0.0,2.0,108.0,6.0,40.0,1.0,3.0,8.0,39.0,132.0,9.0,3.0,47.0,0
1688,A13606004,돈암한신한진아파트,아파트,서울특별시 성북구 성북로4길 52,서울,성북구,돈암동,609-1,분양,3929,"한신공영(주), 한진중공업(주)",387755.0,4564.0,127.0102405,37.5949161,0.0,2.0,108.0,6.0,40.0,1.0,3.0,8.0,39.0,132.0,9.0,3.0,47.0,0
2393,A10026881,서울역센트럴자이아파트,아파트,서울특별시 중구 만리재로 175,서울,중구,만리동2가,서울특별시 중구 만리재로175,,1341,GS건설주식회사,91297.0,1547.0,126.9630956,37.55460908,0.0,6.0,69.0,5.0,38.0,2.0,3.0,2.0,41.0,42.0,9.0,4.0,33.0,0
302,A12101001,서서울삼성아파트,아파트,서울특별시 마포구 마포대로 262,서울,마포구,아현동,서서울삼성아파트,분양,208,삼성중공업(주),14636.0,175.0,126.9591333,37.5563617,0.0,4.0,74.0,6.0,37.0,1.0,4.0,3.0,49.0,53.0,10.0,2.0,28.0,0
1751,A13671206,종암아이파크1차,아파트,서울특별시 성북구 종암로21길 127,서울,성북구,종암동,종암아이파크1차아파트,분양,513,현대산업개발,40222.0,576.0,127.0298689,37.6025494,1.0,1.0,88.0,7.0,48.0,1.0,2.0,7.0,75.0,117.0,7.0,8.0,34.0,0
886,A15603002,브라운스톤상도,아파트,서울특별시 동작구 상도로31길 19,서울,동작구,상도동,527,분양,415,이수건설,32498.0,459.0,126.9437593,37.5059773,0.0,2.0,87.0,6.0,42.0,0.0,3.0,8.0,63.0,86.0,6.0,0.0,47.0,0
2146,A12204005,북한산래미안아파트(임대),아파트,서울특별시 은평구 불광로2길 41,서울,은평구,불광동,북한산 힐스테이트 7차,임대,135,삼성물산,5079.0,148.0,126.9267737,37.6166044,0.0,5.0,73.0,3.0,48.0,2.0,5.0,5.0,44.0,60.0,10.0,2.0,35.0,0
1886,A12070101,돈의문센트레빌,아파트,서울특별시 서대문구 독립문로14길 33,서울,서대문구,냉천동,관리사무소,분양,561,동부건설,47566.0,683.0,126.9613516,37.5662487,1.0,3.0,111.0,5.0,32.0,0.0,4.0,1.0,32.0,34.0,14.0,0.0,28.0,0
804,A15081802,대림한신2차,아파트,서울특별시 영등포구 디지털로69길 16,서울,영등포구,대림동,대림동2차한신아파트,분양,234,한신공영,18324.0,287.0,126.9043881,37.4947769,0.0,2.0,78.0,6.0,61.0,0.0,3.0,8.0,59.0,54.0,7.0,2.0,35.0,0
2015,A13075404,답십리동아제2,아파트,서울특별시 동대문구 한천로11길 10,서울,동대문구,답십리동,답십리동아임대아파트,임대,492,동아건설,15631.0,116.0,127.061107,37.5682471,0.0,2.0,52.0,7.0,48.0,1.0,3.0,7.0,44.0,58.0,11.0,1.0,63.0,0
2196,A15095002,신대림신동아파밀리에,아파트,서울특별시 영등포구 도림로54길 14,서울,영등포구,대림동,신대림신동아파밀리에아파트,분양,185,신동아건설,15739.0,221.0,126.9027247,37.4950646,0.0,2.0,89.0,6.0,58.0,0.0,3.0,6.0,53.0,41.0,8.0,2.0,40.0,0
274,A15701002,우장산에스케이뷰,아파트,서울특별시 강서구 우현로 26,서울,강서구,화곡동,1158번지,분양,203,,18559.0,265.0,126.8430656,37.5481674,0.0,2.0,59.0,6.0,51.0,1.0,3.0,6.0,73.0,143.0,10.0,2.0,40.0,0
2079,A12275202,북한산힐스테이트7차,아파트,서울특별시 은평구 통일로 796,서울,은평구,불광동,643,분양,882,현대건설,78306.0,0.0,126.9268481,37.6161545,0.0,5.0,71.0,4.0,48.0,2.0,5.0,5.0,49.0,60.0,10.0,4.0,36.0,0
1514,A13403101,성내삼성,아파트,서울특별시 강동구 풍성로38길 22,서울,강동구,성내동,성내동삼성아파트,분양,1220,삼성물산(주),97618.0,1245.0,127.1245822,37.5311547,0.0,2.0,55.0,6.0,49.0,0.0,4.0,3.0,68.0,72.0,10.0,1.0,60.0,0
2232,A10027920,텐즈힐1단지,아파트,서울특별시 성동구 무학로 33,서울,성동구,하왕십리동,33 텐즈힐1단지,분양,1369,"gs건설,삼성건설,대림,현대산업",129090.0,2055.0,127.0295235,37.56734381,1.0,1.0,70.0,7.0,48.0,0.0,4.0,8.0,48.0,66.0,12.0,2.0,51.0,0
2253,A10027969,왕십리텐즈힐1단지(임대),아파트,서울특별시 성동구 무학로 33,서울,성동구,하왕십리동,텐즈힐1단지 임대,임대,333,대림산업,12141.0,294.0,127.0295235,37.56734381,1.0,1.0,70.0,7.0,48.0,0.0,4.0,8.0,48.0,66.0,12.0,2.0,51.0,0
2111,A13613012,길음서희스타힐스,주상복합,서울특별시 성북구 동소문로 284,서울,성북구,하월곡동,229,분양,198,서희건설,16084.0,325.0,127.0273295,37.6054073,0.0,1.0,81.0,6.0,42.0,0.0,3.0,6.0,81.0,124.0,7.0,12.0,36.0,0
407,A13486102,천호금호,아파트,서울특별시 강동구 양재대로 1557,서울,강동구,천호동,44번지,분양,232,금호건설,6406.0,37.0,127.142214,37.5448169,0.0,2.0,63.0,6.0,54.0,1.0,4.0,5.0,73.0,117.0,7.0,1.0,41.0,0
152,A13183701,아남리치카운티,아파트,서울특별시 중랑구 겸재로29길 27,서울,중랑구,면목동,1505,분양,178,아남건설,13793.0,191.0,127.0849955,37.5892249,0.0,2.0,57.0,8.0,51.0,0.0,3.0,6.0,45.0,44.0,5.0,1.0,59.0,0
2352,A10027472,상도효성해링턴플레이스,아파트,서울특별시 동작구 상도로 207,서울,동작구,상도동,B1 관리사무소,,202,(주)효성,15804.0,203.0,126.9421487,37.50579199,0.0,2.0,85.0,6.0,41.0,0.0,3.0,8.0,65.0,83.0,6.0,0.0,47.0,0
2538,A10025003,마포그랑자이아파트,아파트,서울특별시 마포구 대흥로 175,서울,마포구,대흥동,,,1248,GS건설,87305.0,1437.0,126.94451,37.55557,0.0,3.0,69.0,3.0,49.0,0.0,6.0,6.0,35.0,60.0,7.0,1.0,48.0,0
1543,A12285703,불광미성,아파트,서울특별시 은평구 통일로 780,서울,은평구,불광동,248,분양,1340,라이프주택건설(주),109700.0,790.0,126.9283299,37.6149349,0.0,5.0,70.0,4.0,53.0,1.0,4.0,5.0,50.0,51.0,9.0,4.0,26.0,0
2337,A13606006,길음현대,아파트,,서울,성북구,길음동,,분양,132,현대건설,7227.0,80.0,127.0196634,37.60792519,0.0,3.0,70.0,7.0,27.0,0.0,4.0,10.0,95.0,113.0,5.0,6.0,33.0,0
250,A13120001,면목마젤란,아파트,서울특별시 중랑구 겸재로30길 42,서울,중랑구,면목동,1531,분양,199,유진건설,15759.0,211.0,127.0841438,37.5868369,0.0,2.0,66.0,8.0,47.0,0.0,3.0,6.0,47.0,48.0,5.0,2.0,57.0,0
1257,A13611004,길음삼부,아파트,서울특별시 성북구 동소문로 248,서울,성북구,길음동,,분양,684,삼부토건,53497.0,393.0,127.0230734,37.602455,1.0,1.0,71.0,8.0,34.0,1.0,2.0,11.0,92.0,119.0,4.0,7.0,25.0,0
2173,A14070302,용산더프라임,아파트,서울특별시 용산구 원효로90길 11,서울,용산구,원효로1가,41-1,분양,559,동아건설,55935.0,922.0,126.9699352,37.5401796,0.0,6.0,63.0,6.0,24.0,0.0,4.0,2.0,24.0,26.0,6.0,0.0,33.0,0
1375,A15005402,신길삼성래미안,아파트,서울특별시 영등포구 가마산로79길 7,서울,영등포구,신길동,관리사무소,분양,826,삼성물산,71553.0,975.0,126.9152452,37.5054901,0.0,4.0,104.0,4.0,30.0,0.0,4.0,7.0,68.0,91.0,5.0,2.0,39.0,0
137,A13980604,공릉대아2차,아파트,서울특별시 노원구 동일로183길 34,서울,노원구,공릉동,492-1,분양,174,대아건설,14228.0,177.0,127.0714453,37.623339,0.0,3.0,79.0,4.0,42.0,1.0,4.0,10.0,82.0,57.0,9.0,0.0,54.0,0
307,A14282301,미아2동경남아너스빌,아파트,서울특별시 강북구 삼양로74길 8,서울,강북구,미아동,796번지,분양,208,경남기업(주),16975.0,232.0,127.0191154,37.6287523,0.0,2.0,94.0,5.0,44.0,0.0,3.0,4.0,41.0,31.0,6.0,1.0,53.0,0
1813,A15870101,목동트라팰리스,주상복합,서울특별시 양천구 오목로 299,서울,양천구,목동,목동트라팰리스 웨스턴에비뉴,분양,522,삼성물산,71992.0,1120.0,126.8702493,37.5254967,0.0,2.0,55.0,6.0,44.0,0.0,4.0,6.0,31.0,293.0,16.0,3.0,33.0,0
339,A13920202,상계코오롱,아파트,서울특별시 노원구 노원로26가길 25,서울,노원구,상계동,코오롱아파트,분양,215,코오롱,15438.0,222.0,127.0699176,37.6526723,1.0,1.0,67.0,4.0,67.0,0.0,5.0,7.0,59.0,335.0,11.0,1.0,37.0,0
1079,A15603204,상도래미안1차,아파트,서울특별시 동작구 등용로 37,서울,동작구,상도동,450,분양,517,삼성건설(주),45011.0,649.0,126.933382,37.5046037,0.0,2.0,69.0,8.0,46.0,1.0,2.0,4.0,39.0,51.0,5.0,0.0,32.0,0
89,A12181101,동양엔파트,아파트,서울특별시 마포구 백범로 82,서울,마포구,대흥동,동양엔파트아파트,분양,165,동양메이저(주),14010.0,196.0,126.9406061,37.5479468,0.0,3.0,71.0,6.0,25.0,0.0,4.0,6.0,37.0,163.0,4.0,2.0,48.0,0
1078,A13003003,답십리두산위브,아파트,서울특별시 동대문구 황물로15길 25,서울,동대문구,답십리동,998,분양,516,두산건설,39195.0,516.0,127.0578742,37.5663332,0.0,3.0,40.0,6.0,40.0,0.0,4.0,7.0,40.0,50.0,8.0,2.0,51.0,0
1296,A15086007,신길우성2차,아파트,서울특별시 영등포구 대방천로 180,서울,영등포구,신길동,우성2차아파트,분양,725,우성건설,51974.0,297.0,126.9125548,37.4982638,0.0,4.0,85.0,6.0,33.0,0.0,4.0,9.0,68.0,74.0,5.0,0.0,31.0,0
2690,A10023891,청계푸르지오시티,도시형 생활주택(주상복합),,서울,동대문구,답십리동,,분양,298,대우건설(주),6547.0,324.0,127.050522,37.569139,0.0,4.0,49.0,5.0,34.0,1.0,5.0,7.0,55.0,64.0,9.0,2.0,42.0,0
754,A10085902,중림삼성래미안아파트,아파트,서울특별시 중구 중림로4길 41,서울,중구,중림동,201번지,임대,355,삼성물산(주),11214.0,253.0,126.9643574,37.5573531,1.0,6.0,93.0,3.0,32.0,2.0,4.0,2.0,26.0,22.0,11.0,3.0,35.0,0
662,A13920205,상계한일유엔아이,아파트,서울특별시 노원구 노원로28길 62,서울,노원구,상계동,노원구 상계2동 1309번지,분양,305,한일건설(주),22241.0,317.0,127.071075,37.6541825,0.0,2.0,64.0,5.0,58.0,0.0,6.0,9.0,64.0,296.0,10.0,1.0,38.0,0
2584,A10024725,e편한세상 영등포 아델포레,아파트,서울특별시 영등포구 신길로 29,서울,영등포구,대림동,,,859,대림산업(주),64487.0,1076.0,126.906944,37.494512,0.0,1.0,75.0,5.0,59.0,0.0,4.0,9.0,65.0,55.0,5.0,2.0,34.0,0
1306,A13003201,답십리두산,아파트,서울특별시 동대문구 답십리로56길 21,서울,동대문구,답십리동,990,분양,739,두산건설주식회사,61890.0,758.0,127.0598719,37.5696142,0.0,1.0,45.0,7.0,49.0,1.0,4.0,8.0,60.0,79.0,7.0,2.0,52.0,0
713,A13007001,용두두산위브,아파트,서울특별시 동대문구 정릉천동로 16,서울,동대문구,용두동,791,분양,338,두산건설,27961.0,419.0,127.0362528,37.5734458,0.0,2.0,53.0,4.0,70.0,1.0,4.0,5.0,27.0,23.0,10.0,4.0,33.0,0
2463,A10025754,답십리파크자이,아파트,서울특별시 동대문구 답십리로56길 105,서울,동대문구,답십리동,관리사무소,,802,gs건설,47844.0,887.0,127.0584009,37.56778387,0.0,1.0,44.0,7.0,44.0,0.0,3.0,7.0,53.0,57.0,8.0,2.0,57.0,0
2466,A10025753,길음뉴타운11단지 롯데캐슬골든힐스아파트,아파트,서울특별시 성북구 서경로 60,서울,성북구,길음동,정릉동. 길음11단지 롯데캐슬골든힐스아파트,,399,롯데건설주식회사,30115.0,486.0,127.0161627,37.60800846,0.0,2.0,76.0,5.0,36.0,0.0,4.0,10.0,92.0,110.0,8.0,4.0,36.0,0
2137,B13072601,용두두산위브임대,,,서울,동대문구,용두동,서울 동대문구 용두동791,,95,(주)두산건설,,65.0,127.0362468,37.5734086,0.0,2.0,53.0,4.0,69.0,1.0,4.0,5.0,27.0,23.0,10.0,4.0,32.0,0
475,A13982103,상계양우아파트,아파트,서울특별시 노원구 노원로30길 81,서울,노원구,상계동,상계양우아파트,분양,251,양우종합건설(주),21670.0,0.0,127.0710393,37.6565787,0.0,2.0,70.0,6.0,53.0,0.0,5.0,9.0,78.0,196.0,6.0,0.0,44.0,0
2708,A10023669,보문리슈빌하우트,아파트,,서울,성북구,보문동1가,,,465,계룡건설,28069.0,523.0,127.019614,37.587191,0.0,3.0,63.0,5.0,31.0,0.0,4.0,8.0,29.0,59.0,10.0,4.0,47.0,0
2705,A10023715,더샵파크프레스티지,아파트,서울특별시 영등포구 가마산로79길 37,서울,영등포구,신길동,,,799,포스코건설,55255.0,984.0,126.916553,37.507791,0.0,1.0,101.0,6.0,35.0,0.0,3.0,7.0,68.0,91.0,6.0,3.0,37.0,0
70,A12111001,마포경남아너스빌,아파트,서울특별시 마포구 신수로 81,서울,마포구,신수동,456 번지,분양,160,경남기업(주),13592.0,182.0,126.934029,37.5487707,0.0,4.0,105.0,5.0,31.0,1.0,2.0,1.0,36.0,132.0,6.0,3.0,42.0,0
975,A12185304,신공덕2차삼성래미안,아파트,서울특별시 마포구 만리재로 74,서울,마포구,신공덕동,159,분양,458,삼성건설,37385.0,526.0,126.9579942,37.5464428,0.0,5.0,83.0,4.0,39.0,1.0,4.0,6.0,54.0,61.0,14.0,5.0,35.0,0
2507,A10025259,석계역 한일노벨리아시티,도시형 생활주택(주상복합),서울특별시 성북구 화랑로 299,서울,성북구,장위동,,분양,299,한일개발,4466.0,287.0,127.0608028,37.61365478,0.0,3.0,90.0,6.0,28.0,0.0,3.0,5.0,64.0,41.0,7.0,3.0,28.0,0
605,A13613003,월곡3SH-vill,아파트,서울특별시 성북구 오패산로 90,서울,성북구,하월곡동,225-1,임대,288,,9604.0,209.0,127.0379722,37.6120414,0.0,1.0,108.0,5.0,28.0,0.0,3.0,5.0,59.0,54.0,6.0,8.0,31.0,0
2415,A13974401,공릉현대,,서울특별시 노원구 동일로176길 39-12,서울,노원구,공릉동,,분양,145,,10559.0,145.0,127.0772208,37.62102353,1.0,4.0,89.0,6.0,44.0,1.0,4.0,9.0,59.0,66.0,8.0,0.0,58.0,0
299,A15284204,구로성호주상복합,주상복합,서울특별시 구로구 가마산로 283,서울,구로구,구로동,성호주상복합,분양,206,성호건설(주),7695.0,163.0,126.891368,37.4969204,0.0,2.0,82.0,4.0,47.0,0.0,4.0,1.0,56.0,50.0,9.0,1.0,52.0,0
2005,A13177701,면목,아파트,서울특별시 중랑구 용마산로 228,서울,중랑구,면목동,sh공사면목임대아파트,임대,905,SH공사,29332.0,233.0,127.0878438,37.5918939,0.0,4.0,60.0,5.0,40.0,0.0,4.0,7.0,42.0,27.0,5.0,4.0,60.0,0
849,A15283902,신구로현대,아파트,서울특별시 구로구 구로중앙로18길 68,서울,구로구,구로동,74-30,분양,397,현대산업개발,28245.0,181.0,126.8930516,37.4961263,0.0,2.0,80.0,4.0,43.0,0.0,6.0,4.0,53.0,59.0,10.0,1.0,49.0,0
1754,A14277601,래미안미아1차,아파트,서울특별시 강북구 삼양로 256,서울,강북구,미아동,삼성래미안,분양,306,삼성물산,23999.0,329.0,127.019477,37.6260408,0.0,3.0,77.0,6.0,49.0,0.0,3.0,5.0,41.0,52.0,6.0,4.0,46.0,0
2311,A12172201,신촌포스빌,주상복합,서울특별시 마포구 신촌로 150,서울,마포구,노고산동,신촌포스빌아파트,분양,350,(주)포스코건설,11180.0,200.0,126.9421274,37.55625873,0.0,4.0,76.0,4.0,56.0,0.0,5.0,3.0,23.0,64.0,9.0,1.0,55.0,0
1958,A14074101,효창파크푸르지오,아파트,서울특별시 용산구 백범로 260,서울,용산구,효창동,,분양,307,대우건설(주),24239.0,342.0,126.9575243,37.5403072,0.0,6.0,90.0,4.0,43.0,1.0,4.0,8.0,44.0,52.0,10.0,4.0,37.0,0
1334,A13007004,용두신동아,아파트,서울특별시 동대문구 무학로26길 30,서울,동대문구,용두동,779,분양,772,신동아건설,53390.0,448.0,127.0322964,37.5726319,0.0,4.0,68.0,5.0,38.0,1.0,3.0,5.0,30.0,39.0,9.0,6.0,38.0,0
1559,A13386702,서울숲한신더휴아파트,아파트,서울특별시 성동구 고산자로 164,서울,성동구,행당동,349,분양,1410,한신공영(주),117323.0,1518.0,127.0366365,37.5549104,0.0,6.0,103.0,5.0,32.0,0.0,3.0,3.0,44.0,82.0,6.0,0.0,29.0,0
929,A13604401,삼선코오롱아파트,아파트,서울특별시 성북구 삼선교로23길 23,서울,성북구,삼선동4가,73,분양,437,코오롱,35129.0,430.0,127.0132547,37.5904694,0.0,3.0,94.0,5.0,44.0,1.0,3.0,10.0,36.0,142.0,12.0,3.0,54.0,0
1705,A15677204,사당신동아4단지,아파트,서울특별시 동작구 동작대로29길 110,서울,동작구,사당동,신동아4단지아파트,분양,912,신동아건설,71938.0,613.0,126.9764363,37.4886826,0.0,3.0,71.0,4.0,46.0,1.0,4.0,2.0,52.0,106.0,7.0,1.0,46.0,0
1392,A15681501,사당4-3우성,아파트,서울특별시 동작구 동작대로29길 115,서울,동작구,사당동,사당우성3단지아파트 관리사무소,분양,855,우성건설(주),69743.0,896.0,126.9764363,37.4886826,0.0,3.0,71.0,4.0,46.0,1.0,4.0,2.0,52.0,106.0,7.0,1.0,46.0,0
1393,A13186305,신내엘지쌍용,아파트,서울특별시 중랑구 봉화산로 146,서울,중랑구,상봉동,484,분양,858,"LG건설(주), 쌍용건설(주)",60433.0,825.0,126.9764363,37.4886826,0.0,3.0,71.0,4.0,46.0,1.0,4.0,2.0,52.0,106.0,7.0,1.0,46.0,0
1483,A15681502,사당우성2단지,아파트,서울특별시 동작구 동작대로29길 91,서울,동작구,사당동,105번지,분양,1080,우성건설,91615.0,0.0,126.9764363,37.4886826,0.0,3.0,71.0,4.0,46.0,1.0,4.0,2.0,52.0,106.0,7.0,1.0,46.0,0
1574,A15681503,사당극동,아파트,서울특별시 동작구 동작대로29길 119,서울,동작구,사당동,105,분양,1550,극동건설,137745.0,1160.0,126.9764363,37.4886826,0.0,3.0,71.0,4.0,46.0,1.0,4.0,2.0,52.0,106.0,7.0,1.0,46.0,0
297,A13816101,송파동부센트레빌,아파트,서울특별시 송파구 송파대로37길 29,서울,송파구,가락동,,분양,206,동부건설,17506.0,245.0,127.1092616,37.5004853,1.0,3.0,31.0,6.0,59.0,0.0,5.0,4.0,52.0,131.0,11.0,0.0,43.0,0
2726,A10023516,영등포자이르네,아파트,서울특별시 영등포구 시흥대로 625,서울,영등포구,대림동,,분양,212,자이에스앤디(주),10403.0,189.0,126.904871,37.488308,1.0,2.0,71.0,5.0,51.0,0.0,4.0,5.0,44.0,34.0,8.0,1.0,52.0,0
897,A15085404,신길한성,아파트,서울특별시 영등포구 가마산로 575,서울,영등포구,신길동,769-1,분양,420,한국보훈복지공단,36505.0,445.0,126.9188187,37.5047193,0.0,3.0,102.0,6.0,23.0,0.0,3.0,5.0,65.0,121.0,5.0,2.0,33.0,0
1528,A13905105,월계동현대,아파트,서울특별시 노원구 석계로 49,서울,노원구,월계동,,분양,1281,현대산업개발,104126.0,1469.0,127.0625936,37.6185533,0.0,4.0,85.0,8.0,18.0,0.0,3.0,5.0,72.0,35.0,5.0,0.0,30.0,0
2016,A13075405,답십리두산제2,아파트,서울특별시 동대문구 답십리로56길 21-1,서울,동대문구,답십리동,두산아파트,임대,310,SH공사,10208.0,0.0,127.0592655,37.5688105,0.0,1.0,47.0,7.0,44.0,1.0,4.0,7.0,50.0,61.0,8.0,1.0,53.0,0
1703,A12271402,갈현베르빌주상복합아파트,주상복합,서울특별시 은평구 연서로 149,서울,은평구,갈현동,465-12,분양,175,대교 대앤에스,19139.0,270.0,126.9168122,37.6122422,0.0,1.0,83.0,4.0,39.0,0.0,4.0,7.0,64.0,134.0,7.0,1.0,65.0,0
2733,A10023471,구로오네뜨시티,,,서울,구로구,구로동,,분양,208,남해종합건설(주),4211.0,,126.8902994,37.49635744,0.0,2.0,79.0,4.0,49.0,0.0,4.0,2.0,55.0,45.0,10.0,1.0,52.0,0
464,A13305002,마장동 대성유니드 아파트,아파트,서울특별시 성동구 마장로37길 7,서울,성동구,마장동,,분양,248,대성산업,19819.0,280.0,127.0386489,37.5668368,0.0,5.0,75.0,5.0,36.0,1.0,3.0,7.0,35.0,31.0,9.0,2.0,36.0,0
276,A13607301,안암삼익,아파트,서울특별시 성북구 안암로9길 30,서울,성북구,안암동3가,135번지,분양,204,삼익건설,28160.0,230.0,127.0248881,37.5818996,0.0,5.0,56.0,6.0,35.0,0.0,5.0,5.0,26.0,37.0,10.0,3.0,54.0,0
424,A13610102,길음뉴타운10단지,아파트,서울특별시 성북구 정릉로 307,서울,성북구,정릉동,1034,,236,라온건설,21292.0,341.0,127.0182647,37.6033174,1.0,3.0,88.0,5.0,30.0,0.0,4.0,12.0,92.0,129.0,6.0,4.0,24.0,0
2055,A13078701,장안위더스빌,주상복합,서울특별시 동대문구 한천로 42,서울,동대문구,장안동,580,분양,157,BYC,14735.0,298.0,127.0625289,37.5664908,0.0,1.0,48.0,7.0,42.0,0.0,3.0,6.0,46.0,47.0,12.0,0.0,61.0,0
1398,A13984604,월계동신,아파트,서울특별시 노원구 광운로2나길 30,서울,노원구,월계동,,분양,864,동신주택(주),71851.0,590.0,127.061025,37.6167404,0.0,4.0,100.0,8.0,20.0,0.0,3.0,5.0,56.0,42.0,5.0,0.0,28.0,0
1391,A12017001,신촌럭키,아파트,서울특별시 서대문구 이화여대길 50-12,서울,서대문구,대현동,144,분양,855,럭키건설,66697.0,586.0,126.9479632,37.5595234,0.0,3.0,73.0,4.0,44.0,0.0,5.0,4.0,39.0,59.0,8.0,0.0,38.0,0
2725,A10023515,우장산숲 아이파크,아파트,,서울,강서구,화곡동,,분양,576,현대산업개발(주),41015.0,815.0,126.839264,37.545048,0.0,2.0,51.0,5.0,56.0,0.0,4.0,9.0,79.0,155.0,9.0,2.0,50.0,0
2040,A12179003,신공덕2삼성래미안제2,아파트,서울특별시 마포구 만리재로 74,서울,마포구,신공덕동,160,임대,103,삼성물산주식회사,3419.0,0.0,126.9587059,37.5464693,0.0,5.0,82.0,4.0,40.0,1.0,4.0,6.0,56.0,63.0,14.0,5.0,38.0,0
497,A15286801,구로우방,아파트,서울특별시 구로구 구일로 154-17,서울,구로구,구로동,,분양,256,우방,21733.0,203.0,126.8743148,37.4976775,0.0,1.0,39.0,2.0,12.0,0.0,2.0,2.0,31.0,25.0,4.0,1.0,17.0,1
954,A14380409,광장극동1차,아파트,서울특별시 광진구 아차산로 552,서울,광진구,광장동,218-1,분양,448,극동건설,53453.0,450.0,127.1042868,37.5431884,1.0,1.0,33.0,2.0,8.0,0.0,3.0,6.0,30.0,59.0,7.0,1.0,10.0,1
1410,A14380414,극동2차아파트,아파트,서울특별시 광진구 아차산로 552,서울,광진구,광장동,극동2차아파트,분양,896,극동건설,80168.0,1344.0,127.1041476,37.5433615,1.0,1.0,34.0,2.0,8.0,0.0,3.0,6.0,30.0,60.0,7.0,1.0,10.0,1
1694,A13805002,올림픽선수기자촌아파트,아파트,서울특별시 송파구 양재대로 1218,서울,송파구,방이동,올림픽선수기자촌아파트,분양,5540,한신공영(주) 외,589196.0,7900.0,127.1361039,37.5179148,0.0,3.0,16.0,2.0,11.0,0.0,3.0,3.0,2.0,30.0,5.0,0.0,8.0,1
1503,A13522006,수서신동아,아파트,서울특별시 강남구 광평로47길 17,서울,강남구,수서동,2층,분양,1162,신동아,47042.0,325.0,127.09869,37.4872297,0.0,2.0,27.0,3.0,14.0,1.0,1.0,4.0,13.0,6.0,3.0,0.0,9.0,1
1513,A15010502,양평한신,아파트,서울특별시 영등포구 양평로24길 9,서울,영등포구,양평동5가,76,분양,1215,한신공영(주),87920.0,1290.0,126.8921087,37.5401252,0.0,1.0,36.0,3.0,11.0,1.0,1.0,1.0,16.0,29.0,5.0,0.0,21.0,1
2363,A10027136,도봉숲 아뜨리움,아파트,서울특별시 도봉구 도봉로167길 38,서울,도봉구,도봉동,도봉숲아뜨리움 지하1층 관리사무소,분양,172,성보건설산업(주),9248.0,165.0,127.0430955,37.67819466,0.0,1.0,63.0,1.0,9.0,0.0,2.0,3.0,27.0,5.0,2.0,1.0,27.0,1
1112,A13811203,거여4단지,아파트,서울특별시 송파구 양산로4길 8,서울,송파구,거여동,거여4단지아파트,분양,546,삼익주택(주),27347.0,312.0,127.1438346,37.4892474,0.0,1.0,32.0,1.0,19.0,0.0,3.0,6.0,50.0,43.0,3.0,0.0,22.0,1
1326,A13187201,신내8단지두산화성,아파트,서울특별시 중랑구 신내로 155,서울,중랑구,신내동,신내8단지두산.화성아파트,분양,763,"두산건설,화성산업",55418.0,688.0,127.0951075,37.6137027,0.0,2.0,42.0,1.0,20.0,1.0,2.0,4.0,41.0,29.0,2.0,2.0,10.0,1
2464,A10025765,은평스카이뷰자이아파트,아파트,서울특별시 은평구 통일로 1034,서울,은평구,진관동,아파트 관리사무소,분양,361,GS 건설,30520.0,454.0,126.9175985,37.63528526,0.0,1.0,36.0,2.0,24.0,2.0,1.0,1.0,31.0,60.0,6.0,1.0,13.0,1
2038,A41279929,은평뉴타운제각말5단지제4,아파트,서울특별시 은평구 연서로 455,서울,은평구,진관동,진관동92번지,분양,412,대우건설,37163.0,520.0,126.9167365,37.634766,0.0,1.0,36.0,2.0,24.0,2.0,1.0,1.0,26.0,58.0,6.0,1.0,11.0,1
648,A13920106,상계극동늘푸른,아파트,서울특별시 노원구 동일로246길 39,서울,노원구,상계동,,분양,299,극동건설,21906.0,259.0,127.057784,37.6771802,0.0,1.0,36.0,2.0,13.0,0.0,2.0,4.0,42.0,26.0,2.0,0.0,18.0,1
1240,A12127004,상암월드컵파크2단지,아파트,서울특별시 마포구 월드컵북로47길 46,서울,마포구,상암동,1637번지,분양,657,서광산업,38607.0,544.0,126.8915091,37.5749496,0.0,2.0,57.0,1.0,14.0,2.0,1.0,1.0,32.0,11.0,8.0,0.0,21.0,1
1739,A13375901,한남하이츠,아파트,서울특별시 성동구 독서당로 156,서울,성동구,옥수동,220-1,분양,535,중앙건설,69937.0,750.0,127.0141559,37.539745,2.0,2.0,49.0,1.0,9.0,1.0,3.0,6.0,23.0,53.0,4.0,0.0,10.0,1
1184,A13981405,청암2단지,아파트,서울특별시 노원구 덕릉로94가길 20,서울,노원구,상계동,,분양,602,대림산업(주),32481.0,459.0,127.0790041,37.6632392,0.0,2.0,29.0,1.0,23.0,0.0,3.0,6.0,46.0,46.0,3.0,0.0,15.0,1
1007,A13922908,중계삼성,아파트,서울특별시 노원구 중계로14나길 25,서울,노원구,중계동,삼성아파트,분양,478,삼성중공업,38998.0,563.0,127.0827049,37.6491475,0.0,0.0,25.0,3.0,16.0,0.0,2.0,4.0,30.0,280.0,5.0,0.0,10.0,1
1920,A41279913,은평뉴타운마고정11단지,아파트,서울특별시 은평구 진관1로 55,서울,은평구,진관동,마고정11단지,,469,동부건걸(주),41936.0,629.0,126.914929,37.6337285,0.0,1.0,38.0,2.0,24.0,2.0,1.0,1.0,23.0,53.0,6.0,1.0,10.0,1
87,A13983801,대망드림힐,아파트,서울특별시 노원구 동일로242라길 27,서울,노원구,상계동,대망드림힐아파트,분양,165,(주)대망종합건설,13508.0,193.0,127.0584516,37.6763152,0.0,1.0,36.0,2.0,15.0,0.0,2.0,6.0,60.0,34.0,2.0,0.0,14.0,1
2460,A10025836,힐스테이트녹번,아파트,서울특별시 은평구 통일로 610,서울,은평구,녹번동,힐스테이트녹번 아파트 관리사무소,,952,현대힐스테이트,60956.0,1068.0,126.9358637,37.60197106,0.0,1.0,30.0,2.0,13.0,0.0,2.0,5.0,27.0,35.0,5.0,1.0,13.0,1
1111,A13821005,송파파인타운10단지,아파트,서울특별시 송파구 송파대로8길 20,서울,송파구,장지동,856 번지,,545,중앙건설,30048.0,552.0,127.1298646,37.4772989,0.0,2.0,51.0,1.0,15.0,0.0,2.0,5.0,47.0,47.0,2.0,0.0,12.0,1
1995,A41279925,은평뉴타운제각말5단지제3관리사무소,아파트,서울특별시 은평구 연서로 487,서울,은평구,진관동,94번지 은평뉴타운 제각말5단지 제3관리사무소,분양,189,대우푸르지오 ,18313.0,268.0,126.9168896,37.6340464,0.0,1.0,40.0,2.0,24.0,2.0,1.0,1.0,28.0,58.0,6.0,1.0,11.0,1
2459,A10025846,래미안베라힐즈아파트,아파트,서울특별시 은평구 통일로 630,서울,은평구,녹번동,생활지원센터(관리사무소),,1305,삼성물산,92095.0,1407.0,126.9359704,37.602836,0.0,1.0,29.0,2.0,14.0,0.0,2.0,5.0,29.0,35.0,5.0,1.0,14.0,1
2609,A10024532,북한산두산위브2차,아파트,서울특별시 서대문구 홍은중앙로1길 100,서울,서대문구,홍은동,,분양,296,두산건설(주),17548.0,267.0,126.944439,37.600043,1.0,1.0,49.0,2.0,10.0,0.0,2.0,3.0,32.0,28.0,0.0,0.0,14.0,1
579,A12287202,DMC진흥아파트,아파트,서울특별시 은평구 은평터널로 60,서울,은평구,수색동,416-1,분양,280,진흥기업,21168.0,307.0,126.9002363,37.5854117,1.0,1.0,17.0,4.0,11.0,0.0,2.0,3.0,33.0,29.0,2.0,0.0,17.0,1
2703,A10023732,에드가 쌍문 청년주택,아파트,서울특별시 도봉구 삼양로 602,서울,도봉구,쌍문동,,임대,253,(주)세정건설,6392.0,112.0,127.0136945,37.6565952,0.0,3.0,45.0,1.0,10.0,1.0,2.0,3.0,24.0,16.0,1.0,0.0,15.0,1
777,A12205004,갈현현대아파트,아파트,서울특별시 은평구 서오릉로21길 36,서울,은평구,구산동,382,분양,366,현대건설,28335.0,366.0,126.905638,37.6129617,1.0,0.0,40.0,2.0,8.0,0.0,2.0,4.0,28.0,25.0,1.0,0.0,30.0,1
957,A13922905,중계한화꿈에그린,아파트,서울특별시 노원구 중계로8길 29,서울,노원구,중계동,598,분양,448,한화건설,38195.0,527.0,127.0828152,37.6474408,0.0,0.0,30.0,3.0,16.0,0.0,2.0,4.0,28.0,280.0,5.0,0.0,9.0,1
1275,A13980018,공릉비선,아파트,서울특별시 노원구 화랑로51길 78,서울,노원구,공릉동,비선아파트,분양,700,두산건설,36443.0,0.0,127.0873726,37.6257794,1.0,1.0,35.0,2.0,15.0,0.0,3.0,7.0,46.0,50.0,3.0,0.0,9.0,1
731,A13706302,방배래미안타워,아파트,서울특별시 서초구 남부순환로 2183,서울,서초구,방배동,485-3.4,분양,344,삼성물산,40903.0,631.0,126.9900534,37.4751718,0.0,2.0,50.0,2.0,9.0,0.0,2.0,0.0,12.0,19.0,0.0,1.0,11.0,1
1122,A13790723,신반포5차,아파트,,서울,서초구,잠원동,,분양,555,한신공영,57777.0,292.0,127.0079791,37.5152757,0.0,1.0,22.0,3.0,7.0,0.0,2.0,2.0,28.0,23.0,3.0,3.0,21.0,1
907,A13922904,중계금호,아파트,서울특별시 노원구 중계로 140,서울,노원구,중계동,583,분양,424,금호,30333.0,344.0,127.081287,37.6470308,0.0,0.0,33.0,3.0,16.0,0.0,2.0,4.0,32.0,280.0,5.0,0.0,13.0,1
612,A15286802,구로현대상선,아파트,서울특별시 구로구 구일로10길 53,서울,구로구,구로동,,분양,290,현대산업,21836.0,158.0,126.8750782,37.4960424,0.0,1.0,36.0,3.0,9.0,0.0,1.0,2.0,36.0,24.0,3.0,0.0,19.0,1
1259,A13522004,수서삼성,아파트,서울특별시 강남구 광평로31길 27,서울,강남구,수서동,747,분양,680,삼성물산(주),55319.0,764.0,127.0907043,37.4848991,0.0,1.0,33.0,2.0,23.0,1.0,2.0,4.0,18.0,11.0,6.0,0.0,7.0,1
559,A15608002,동작금강KCC,아파트,서울특별시 동작구 동작대로39가길 55,서울,동작구,동작동,331번지,분양,276,주)KCC건설,23895.0,329.0,126.9784252,37.4940729,1.0,0.0,36.0,1.0,19.0,1.0,2.0,2.0,38.0,90.0,2.0,0.0,30.0,1
1242,A13811001,거여6단지,아파트,서울특별시 송파구 양산로2길 38,서울,송파구,거여동,,임대,660,삼우종합건설,25582.0,304.0,127.1466473,37.4886075,0.0,1.0,36.0,2.0,22.0,0.0,2.0,5.0,47.0,43.0,3.0,0.0,20.0,1
1887,A15875103,목동6단지,아파트,서울특별시 양천구 목동동로 430,서울,양천구,목동,,분양,1362,현대,101726.0,750.0,126.8850851,37.5350632,0.0,0.0,40.0,2.0,12.0,1.0,2.0,5.0,21.0,191.0,9.0,0.0,21.0,1
2272,A10027775,신내의료안심주택,아파트,서울특별시 중랑구 신내로16길 17,서울특별시,중랑구,신내동,"(신내동, 신내의료안심주택)",임대,222,SD종합건설,5536.0,115.0,127.0971822,37.61417494,0.0,3.0,51.0,1.0,17.0,1.0,2.0,4.0,40.0,26.0,2.0,2.0,8.0,1
2293,A10027371,마곡엠밸리11단지,아파트,서울특별시 강서구 공항대로 124,서울특별시,강서구,마곡동,마곡엠밸리11단지아파트,,347,(주)대보건설,22066.0,360.0,126.8207295,37.55946773,0.0,2.0,50.0,0.0,15.0,0.0,3.0,3.0,43.0,53.0,7.0,0.0,19.0,1
1756,A13076801,이문삼성래미안아파트,아파트,서울특별시 동대문구 천장산로11길 22,서울,동대문구,이문동,425,분양,379,삼성물산 건설부문,40941.0,607.0,127.0568469,37.6004297,0.0,1.0,25.0,2.0,14.0,1.0,2.0,2.0,24.0,20.0,1.0,1.0,34.0,1
966,A15205104,구로한일유엔아이,아파트,서울특별시 구로구 가마산로 87,서울,구로구,구로동,,분양,454,한일건설,39355.0,535.0,126.8756078,37.4863381,1.0,0.0,43.0,2.0,9.0,0.0,2.0,4.0,25.0,15.0,6.0,0.0,22.0,1
602,A13923102,하계우방,아파트,서울특별시 노원구 공릉로58길 176,서울,노원구,하계동,353번지,분양,288,우방,21131.0,304.0,127.0772526,37.6375037,0.0,0.0,41.0,3.0,15.0,0.0,1.0,5.0,17.0,34.0,3.0,0.0,8.0,1
1882,A15101507,신림주공1단지,아파트,서울특별시 관악구 광신길 160,서울,관악구,신림동,1704-1,,960,LH,38726.0,0.0,126.9275015,37.4658557,0.0,0.0,40.0,2.0,9.0,0.0,2.0,2.0,32.0,11.0,0.0,1.0,31.0,1
363,A12112001,밤섬현대,아파트,서울특별시 마포구 신수로3길 19,서울,마포구,현석동,220,분양,219,현대건설,16668.0,230.0,126.9326689,37.5426551,0.0,1.0,47.0,3.0,8.0,0.0,1.0,1.0,27.0,44.0,1.0,2.0,22.0,1
1028,A15286805,구로한신1차,아파트,서울특별시 구로구 구일로8길 63,서울,구로구,구로동,642-9,분양,488,한신공영,21896.0,126.0,126.8737607,37.4963839,0.0,1.0,33.0,3.0,11.0,0.0,2.0,2.0,34.0,25.0,3.0,1.0,15.0,1
2226,A77777778,오픈아파트2,,,서울,성북구,돈암동,오픈아파트2,분양,100,시청,,100.0,127.0634,37.482968,0.0,2.0,37.0,1.0,13.0,0.0,3.0,2.0,22.0,46.0,3.0,0.0,8.0,1
664,A15606002,유원강변,아파트,서울특별시 동작구 노량진로23가길 20,서울,동작구,본동,유원강변아파트,분양,306,유원울트라,25533.0,325.0,126.9509904,37.5150871,1.0,2.0,40.0,2.0,10.0,1.0,2.0,3.0,13.0,10.0,2.0,0.0,7.0,1
2013,A13375904,옥수하이츠제2,아파트,서울특별시 성동구 한림말길 50,서울,성동구,옥수동,100번지,임대,237,(주)중앙건설,7210.0,65.0,127.016339,37.540028,2.0,2.0,57.0,1.0,9.0,1.0,3.0,6.0,28.0,54.0,2.0,0.0,11.0,1
1095,A13383801,옥수중앙하이츠,아파트,서울특별시 성동구 한림말길 50,서울,성동구,옥수동,100,분양,536,중앙건설,54100.0,600.0,127.016339,37.540028,2.0,2.0,57.0,1.0,9.0,1.0,3.0,6.0,28.0,54.0,2.0,0.0,11.0,1
2121,A15878601,금하뜨라네,아파트,서울특별시 양천구 가로공원로56길 10,서울,양천구,신월동,142-14,분양,155,금하건설,13129.0,0.0,126.8240316,37.5341093,2.0,0.0,19.0,4.0,14.0,0.0,2.0,2.0,26.0,14.0,1.0,0.0,26.0,1
1883,A13594403,개포7차우성,아파트,서울특별시 강남구 개포로110길 15,서울,강남구,일원동,우성7차아파트,분양,802,(주)우성,65464.0,0.0,127.0783361,37.4922905,0.0,2.0,43.0,1.0,20.0,0.0,3.0,4.0,29.0,29.0,3.0,0.0,18.0,1
324,A13593901,개포자이아파트,아파트,서울특별시 강남구 개포로109길 69,서울,강남구,개포동,12-2번지,분양,212,박연정,32275.0,502.0,127.0766243,37.4962963,0.0,3.0,26.0,1.0,17.0,0.0,3.0,3.0,20.0,43.0,5.0,0.0,13.0,1
2279,A10027403,마곡엠밸리12단지,아파트,서울특별시 강서구 공항대로 140,서울특별시,강서구,마곡동,"(마곡동, 마곡엠밸리12단지)140",,363,(주)대보건설,22821.0,421.0,126.822877,37.559259,1.0,1.0,55.0,0.0,17.0,0.0,3.0,4.0,41.0,73.0,6.0,0.0,20.0,1
318,A13922901,중계현대1차,아파트,서울특별시 노원구 중계로8길 106,서울,노원구,중계동,현대1차아파트,분양,211,현대건설,16577.0,133.0,127.0849795,37.6486998,0.0,0.0,22.0,3.0,15.0,0.0,2.0,4.0,17.0,212.0,4.0,0.0,7.0,1
1536,A13820007,문정시영,아파트,서울특별시 송파구 송이로31길 56,서울,송파구,문정동,145,분양,1316,"태영건설, 현대산업개발",50581.0,329.0,127.1354526,37.490605,0.0,1.0,51.0,2.0,22.0,1.0,1.0,5.0,60.0,84.0,5.0,0.0,20.0,1
2353,A10027452,마곡엠밸리10단지 아파트,아파트,서울특별시 강서구 마곡중앙1로 72,서울,강서구,마곡동,,,550,남양건설,34372.0,0.0,126.8186038,37.55921626,0.0,2.0,60.0,1.0,14.0,0.0,2.0,4.0,49.0,54.0,4.0,0.0,19.0,1
786,A12283603,녹번대림,아파트,서울특별시 은평구 통일로 590,서울,은평구,녹번동,276,분양,370,(주)대림산업,33262.0,272.0,126.9370209,37.6001439,1.0,1.0,39.0,2.0,14.0,0.0,2.0,5.0,33.0,31.0,4.0,1.0,13.0,1
1407,A13804206,풍납한강극동,아파트,서울특별시 송파구 토성로 38-6,서울,송파구,풍납동,,분양,895,극동건설,75358.0,877.0,127.1123385,37.5296833,0.0,1.0,29.0,1.0,33.0,0.0,3.0,3.0,39.0,25.0,5.0,0.0,17.0,1
1957,A41279921,은평뉴타운구파발9단지1관리,아파트,서울특별시 은평구 진관3로 67,서울,은평구,진관동,22,임대,1022,삼성물산,77068.0,1186.0,126.9192866,37.6381577,0.0,1.0,36.0,1.0,26.0,2.0,2.0,2.0,46.0,65.0,6.0,0.0,18.0,1
347,A13920102,상계수락현대,아파트,서울특별시 노원구 동일로242길 95,서울,노원구,상계동,1272,분양,216,현대건설,18323.0,139.0,127.0599531,37.6753305,0.0,1.0,34.0,2.0,14.0,0.0,2.0,6.0,55.0,35.0,2.0,0.0,9.0,1
1204,A13523004,일원샘터마을,아파트,서울특별시 강남구 일원로 120,서울,강남구,일원동,서울특별시 강남구 일원본동 718,분양,628,극동건설/현대건설,73765.0,0.0,127.0826162,37.484274,0.0,1.0,31.0,1.0,25.0,1.0,2.0,3.0,16.0,16.0,4.0,0.0,9.0,1
2420,A10026414,은평뉴타운솔하임,주상복합,서울특별시 은평구 통일로 1080,서울,은평구,진관동,지하 1층,분양,260,(주)삼전건설,8219.0,482.0,126.9175305,37.63923349,0.0,1.0,33.0,1.0,26.0,2.0,2.0,2.0,41.0,65.0,6.0,0.0,15.0,1
1614,A15805504,목동5단지,아파트,서울특별시 양천구 목동동로 350,서울,양천구,목동,912번지,분양,1848,삼환기업,180001.0,1444.0,126.8829057,37.5332441,0.0,0.0,37.0,2.0,14.0,1.0,1.0,4.0,12.0,232.0,9.0,0.0,14.0,1
627,A15205103,구로우성(1동),아파트,서울특별시 구로구 구일로8길 31,서울,구로구,구로동,1058번지,분양,296,우성건설,22372.0,228.0,126.8722377,37.4947097,0.0,1.0,28.0,3.0,9.0,0.0,2.0,3.0,31.0,28.0,1.0,1.0,12.0,1
1458,A12085303,홍제한양,아파트,서울특별시 서대문구 통일로25길 30,서울,서대문구,홍제동,홍제한양아파트 관리사무소,분양,998,?양건설,76612.0,835.0,126.9475449,37.5830058,0.0,2.0,39.0,2.0,24.0,0.0,2.0,4.0,23.0,28.0,1.0,0.0,15.0,1
608,A12208102,신사씨티,아파트,서울특별시 은평구 가좌로 391,서울,은평구,신사동,297,분양,290,토왕건설,18529.0,170.0,126.9041738,37.6004103,0.0,0.0,38.0,3.0,17.0,1.0,1.0,1.0,38.0,26.0,0.0,1.0,30.0,1
1910,A13974101,수락리버시티 4단지,아파트,서울특별시 노원구 누원로 18,서울,노원구,상계동,수락리버시티4단지,,548,한신공영,33286.0,581.0,127.0537182,37.6860425,2.0,2.0,32.0,2.0,9.0,1.0,2.0,4.0,44.0,18.0,1.0,0.0,9.0,1
1277,A13821006,송파파인타운8단지,아파트,서울특별시 송파구 충민로4길 6,서울,송파구,장지동,,,700,(주)신창건설,34503.0,706.0,127.1282926,37.4792659,0.0,1.0,55.0,0.0,18.0,1.0,2.0,4.0,43.0,48.0,2.0,0.0,21.0,1
894,A15807208,목동삼성래미안,아파트,서울특별시 양천구 신목로 7,서울,양천구,신정동,1278번지,분양,420,삼성건설,40188.0,500.0,126.8763711,37.5157638,1.0,1.0,42.0,2.0,8.0,0.0,3.0,3.0,36.0,102.0,1.0,0.0,21.0,1
675,A13785001,방배임광3차,아파트,서울특별시 서초구 방배로2길 24-5,서울,서초구,방배동,,분양,316,임광토건주식회사,22876.0,142.0,127.0027232,37.4762582,1.0,1.0,53.0,3.0,8.0,0.0,1.0,3.0,11.0,51.0,4.0,0.0,12.0,1
1115,A12220004,은평뉴타운상림마을12단지,아파트,서울특별시 은평구 진관3로 70,서울,은평구,진관동,20번지,,551,(주)롯데건설,41086.0,658.0,126.9219731,37.6411039,0.0,1.0,39.0,2.0,16.0,1.0,2.0,3.0,43.0,64.0,5.0,0.0,13.0,1
999,A13583403,대치우성1차아파트,아파트,서울특별시 강남구 영동대로 230,서울,강남구,대치동,63,분양,476,(주)우성건설,48099.0,479.0,127.0691055,37.5002345,0.0,1.0,29.0,2.0,15.0,0.0,2.0,1.0,14.0,314.0,8.0,0.0,10.0,1
1120,A14085002,원효산호,아파트,서울특별시 용산구 원효로 66,서울,용산구,원효로4가,118-16,분양,554,한양건설,46298.0,0.0,126.9503821,37.5327172,0.0,0.0,48.0,2.0,8.0,0.0,2.0,4.0,34.0,32.0,2.0,1.0,21.0,1
1432,A15728007,마곡수명산파크5단지,아파트,서울특별시 강서구 수명로2길 105,서울,강서구,내발산동,749,,948,성원건설(주),51876.0,1010.0,126.8272011,37.5518797,0.0,0.0,45.0,1.0,20.0,0.0,3.0,6.0,44.0,128.0,3.0,1.0,23.0,1
1099,A13821004,송파파인타운7단지,아파트,서울특별시 송파구 충민로4길 19,서울,송파구,장지동,송파파인타운7단지,,537,극동건설,35109.0,576.0,127.1308268,37.4791574,0.0,1.0,60.0,0.0,17.0,0.0,3.0,6.0,55.0,49.0,2.0,0.0,15.0,1
1144,A15786227,염창동아3차,아파트,서울특별시 강서구 양천로 731,서울,강서구,염창동,,분양,570,동아건설,41219.0,601.0,126.8776792,37.549794,0.0,2.0,36.0,2.0,23.0,1.0,2.0,3.0,39.0,46.0,1.0,0.0,17.0,1
1923,A41279914,은평뉴타운마고정2단지,아파트,서울특별시 은평구 진관2로 60,서울,은평구,진관동,105,,434,동부건설,40493.0,589.0,126.9198476,37.6318934,0.0,1.0,51.0,2.0,23.0,2.0,1.0,3.0,42.0,59.0,5.0,1.0,14.0,1
1863,A41279909,은평뉴타운박석고개13단지아파트,아파트,서울특별시 은평구 진관1로 22,서울,은평구,진관동,123번지 은평뉴타운 박석고개 제2관리사무소,분양,162,현대건설,18271.0,293.0,126.9148018,37.635659,0.0,1.0,31.0,1.0,24.0,2.0,1.0,1.0,23.0,60.0,6.0,1.0,11.0,1
1283,A12220005,은평뉴타운상림마을1단지,아파트,서울특별시 은평구 진관4로 17,서울,은평구,진관동,19,,707,삼환기업,48889.0,883.0,126.9227727,37.6415577,0.0,1.0,36.0,2.0,14.0,1.0,2.0,3.0,42.0,63.0,5.0,0.0,12.0,1
1445,A12287204,이편한세상 수색 에코포레,아파트,서울특별시 은평구 은평터널로 65,서울,은평구,수색동,대림한숲타운아파트,분양,976,대림산업주식회사,84543.0,1061.0,126.9000124,37.5868487,0.0,1.0,15.0,4.0,7.0,0.0,2.0,3.0,29.0,27.0,2.0,0.0,14.0,1
693,A13588601,수서동익,아파트,서울특별시 강남구 광평로39길 3,서울,강남구,수서동,738,분양,330,동익건설(주),27138.0,314.0,127.0964671,37.4856488,0.0,2.0,30.0,2.0,14.0,1.0,1.0,3.0,16.0,6.0,3.0,0.0,10.0,1
1904,A13580003,개포주공4단지,아파트,,서울,강남구,개포동,189,분양,2840,대한주택공사,123413.0,1850.0,127.0731699,37.4863102,0.0,2.0,33.0,2.0,16.0,0.0,3.0,4.0,22.0,39.0,3.0,0.0,9.0,1
1187,A13811205,거여5단지,아파트,서울특별시 송파구 양산로4길 16,서울,송파구,거여동,294,분양,605,라이프주택,38307.0,443.0,127.1453223,37.4888973,0.0,1.0,34.0,1.0,20.0,0.0,2.0,5.0,48.0,42.0,3.0,0.0,20.0,1
2316,A13275303,도봉파크빌2단지,아파트,서울특별시 도봉구 마들로 835,서울,도봉구,도봉동,,분양,139,유진건설,11714.0,158.0,127.0505173,37.6846182,2.0,3.0,53.0,2.0,12.0,1.0,2.0,5.0,52.0,21.0,1.0,0.0,14.0,1
2044,A13472701,고덕리엔파크3단지,아파트,서울특별시 강동구 상일로 74,서울,강동구,상일동,고덕리엔파크3단지아파트,,2283,신동아건설(주),166321.0,2604.0,127.1747855,37.5513683,1.0,1.0,39.0,2.0,9.0,0.0,3.0,4.0,40.0,25.0,3.0,0.0,8.0,1
1967,A12079601,독립문극동임대,아파트,서울특별시 서대문구 독립문공원길 17,서울,서대문구,현저동,201번지,임대,600,극동건설,16200.0,220.0,126.9548958,37.5725382,2.0,1.0,52.0,3.0,12.0,1.0,2.0,1.0,19.0,29.0,2.0,0.0,14.0,1
310,A15722104,마곡청구아파트,아파트,서울특별시 강서구 양천로26길 103,서울,강서구,방화동,방화동 859,분양,209,청구,14772.0,209.0,126.8219282,37.5729601,0.0,1.0,55.0,1.0,14.0,0.0,3.0,5.0,44.0,107.0,4.0,0.0,17.0,1
1324,A15288301,궁동우신빌라,연립주택,서울특별시 구로구 오리로 1265,서울,구로구,궁동,213-21,분양,762,세종건설(주),37623.0,224.0,126.8305225,37.4942451,0.0,2.0,65.0,2.0,4.0,0.0,2.0,1.0,22.0,21.0,1.0,0.0,23.0,1
926,A13980010,공릉화랑타운,아파트,서울특별시 노원구 화랑로51길 17,서울,노원구,공릉동,,분양,436,두산건설,36910.0,500.0,127.0879394,37.6238712,1.0,2.0,37.0,1.0,15.0,0.0,4.0,8.0,46.0,46.0,2.0,0.0,12.0,1
2106,A12010001,홍은동원베네스트,아파트,서울특별시 서대문구 홍은중앙로1길 65,서울,서대문구,홍은동,동원베네스트아파트,,195,동원건설,16236.0,233.0,126.9439015,37.5991679,1.0,1.0,54.0,3.0,12.0,0.0,2.0,3.0,37.0,32.0,0.0,0.0,16.0,1
1506,A14381516,광장현대파크빌,아파트,서울특별시 광진구 아차산로 549,서울,광진구,광장동,현대파크빌아파트,분양,1170,현대건설,89885.0,1208.0,127.1015396,37.5441501,0.0,1.0,37.0,2.0,13.0,0.0,3.0,6.0,31.0,144.0,7.0,1.0,11.0,1
847,A13790717,신반포한신16차,아파트,서울특별시 서초구 잠원로 157,서울,서초구,잠원동,55-12,분양,396,한신공영(주),23454.0,280.0,127.0096069,37.5168996,0.0,1.0,22.0,3.0,7.0,0.0,1.0,1.0,23.0,33.0,2.0,1.0,27.0,1
125,A13983101,상계마들,아파트,서울특별시 노원구 덕릉로70가길 101,서울,노원구,상계동,상계마들아파트,임대,170,에스에이치공사,5711.0,51.0,127.0569566,37.6416927,0.0,2.0,36.0,0.0,11.0,0.0,4.0,7.0,57.0,29.0,2.0,1.0,20.0,1
2024,A12275201,북한산래미안,아파트,서울특별시 은평구 진흥로 267,서울,은평구,불광동,638번지,분양,647,삼성물산,52285.0,755.0,126.9385821,37.6115563,0.0,2.0,37.0,1.0,17.0,0.0,2.0,3.0,31.0,17.0,4.0,1.0,4.0,1
322,A15209304,영화 아이닉스,아파트,서울특별시 구로구 개봉로1길 188,서울,구로구,개봉동,488번지 개봉영화아이닉스,분양,212,영화건설,17872.0,252.0,126.8492712,37.4828153,3.0,1.0,36.0,2.0,5.0,1.0,3.0,1.0,27.0,14.0,1.0,1.0,8.0,1
15,A15609001,사당유니드,아파트,서울특별시 동작구 동작대로29길 195,서울,동작구,사당동,1155번지,분양,151,대성산업(주),11569.0,0.0,126.9752458,37.493362,1.0,0.0,34.0,2.0,11.0,1.0,2.0,2.0,35.0,65.0,0.0,0.0,29.0,1
2021,A12179508,상암월드컵파크10단지,아파트,서울특별시 마포구 월드컵북로 502-36,서울,마포구,상암동,1736번지,,861,중앙건설,59606.0,987.0,126.881979,37.5861713,1.0,0.0,49.0,2.0,3.0,0.0,2.0,3.0,23.0,26.0,1.0,2.0,13.0,1
148,A15720101,가양일신건영휴먼빌,아파트,서울특별시 강서구 강서로 490,서울,강서구,가양동,1496,분양,177,일신건영,14228.0,193.0,126.841903,37.5690251,0.0,1.0,45.0,1.0,9.0,1.0,2.0,4.0,30.0,14.0,3.0,1.0,20.0,1
702,A12010202,홍은풍림아이원,아파트,서울특별시 서대문구 홍은중앙로 149,서울,서대문구,홍은동,460,분양,333,풍림산업(주),33620.0,496.0,126.9378412,37.5972741,1.0,1.0,48.0,1.0,17.0,0.0,2.0,6.0,35.0,37.0,2.0,1.0,17.0,1
1865,A12071002,홍은동부센트레빌,아파트,서울특별시 서대문구 통일로 553,서울,서대문구,홍은동,461,분양,201,홍은 제10구역 주택재개발 정비사업조함,17179.0,251.0,126.9378412,37.5972741,1.0,1.0,48.0,1.0,17.0,0.0,2.0,6.0,35.0,37.0,2.0,1.0,17.0,1
304,A15209303,대상,아파트,서울특별시 구로구 개봉로1길 170,서울,구로구,개봉동,477번지,분양,208,재건축조합,14972.0,174.0,126.8497887,37.4823243,3.0,1.0,33.0,2.0,5.0,1.0,3.0,1.0,26.0,14.0,1.0,1.0,8.0,1
521,A13509004,삼성한솔,아파트,서울특별시 강남구 학동로64길 7,서울,강남구,삼성동,한솔아파트,분양,263,한솔건설,20737.0,303.0,127.0455212,37.5173908,0.0,5.0,36.0,3.0,50.0,1.0,2.0,2.0,23.0,121.0,16.0,1.0,51.0,2
1295,A13792306,서초트라팰리스1차,주상복합,서울특별시 서초구 효령로72길 57,서울,서초구,서초동,1344-13 서초트라팰리스,분양,257,삼성물산,29623.0,527.0,127.027958,37.4868714,1.0,2.0,69.0,2.0,46.0,0.0,3.0,1.0,22.0,108.0,23.0,0.0,54.0,2
557,A13509005,삼성래미안2차,아파트,서울특별시 강남구 선릉로130길 20,서울,강남구,삼성동,7-3,분양,275,삼성,31922.0,484.0,127.0434525,37.5161514,0.0,4.0,38.0,2.0,55.0,0.0,3.0,2.0,23.0,127.0,17.0,1.0,49.0,2
2290,A10027902,마포한강푸르지오,주상복합,서울특별시 마포구 월드컵로1길 14,서울특별시,마포구,합정동,"(합정동, 마포 한강 푸르지오)",분양,198,대우건설,22550.0,575.0,126.9119634,37.55000852,0.0,3.0,67.0,3.0,31.0,1.0,1.0,3.0,32.0,58.0,14.0,3.0,77.0,2
671,A14319008,자양대동,아파트,서울특별시 광진구 뚝섬로31길 20,서울,광진구,자양동,784-1,분양,314,(주)대동주택,23248.0,337.0,127.0683929,37.5361407,0.0,3.0,50.0,3.0,46.0,0.0,2.0,7.0,41.0,75.0,12.0,5.0,54.0,2
2257,A10027684,당산브라운스톤아파트,아파트,서울특별시 영등포구 영신로55길 6,서울,영등포구,당산동4가,8,분양,162,이수건설,13491.0,185.0,126.902504,37.52721748,2.0,4.0,70.0,2.0,43.0,0.0,3.0,7.0,64.0,85.0,12.0,1.0,48.0,2
2210,B11680041,도곡3차아이파크,,,서울,강남구,도곡동,도곡3차아이파크관리사무소,,72,현대산업개,,199.0,127.037812,37.48984389,1.0,2.0,50.0,3.0,47.0,1.0,2.0,3.0,19.0,90.0,25.0,0.0,59.0,2
2593,A10024640,청담2차e편한세상아파트,아파트,서울특별시 강남구 도산대로70길 25,서울,강남구,청담동,,분양,142,대림산업,14421.0,217.0,127.045392,37.521414,0.0,4.0,37.0,3.0,58.0,1.0,2.0,3.0,18.0,107.0,21.0,1.0,45.0,2
1289,A13509010,삼성롯데캐슬프레미어,아파트,서울특별시 강남구 선릉로126길 22,서울,강남구,삼성동,02)511-7208,분양,713,롯데건설,86523.0,1368.0,127.0447625,37.5152753,0.0,5.0,35.0,2.0,49.0,0.0,3.0,2.0,23.0,127.0,17.0,0.0,50.0,2
636,A13550701,삼성동중앙하이츠빌리지,아파트,서울특별시 강남구 학동로68길 30,서울,강남구,삼성동,14-1.,분양,298,중앙건설,33866.0,520.0,127.0462561,37.5160546,0.0,6.0,34.0,2.0,50.0,0.0,3.0,3.0,24.0,121.0,15.0,0.0,47.0,2
1038,A13824003,한신코아,아파트,서울특별시 송파구 올림픽로35가길 11,서울,송파구,신천동,11-9번지,분양,493,한신공영,23856.0,350.0,127.1043832,37.5168027,0.0,4.0,34.0,3.0,40.0,0.0,3.0,1.0,48.0,35.0,17.0,4.0,46.0,2
2651,A10024132,자양호반써밋아파트,아파트,서울특별시 광진구 능동로 69,서울,광진구,자양동,,분양,305,호반건설,14729.0,285.0,127.0682832,37.5376553,0.0,3.0,56.0,3.0,44.0,0.0,2.0,7.0,37.0,66.0,12.0,5.0,57.0,2
533,A15080501,한강아파트,아파트,서울특별시 영등포구 영신로57길 5,서울,영등포구,당산동4가,29,분양,265,서초건설,19680.0,283.0,126.9023584,37.5280856,2.0,5.0,73.0,2.0,38.0,0.0,3.0,7.0,61.0,90.0,10.0,0.0,45.0,2
240,A13509001,삼성현대,아파트,서울특별시 강남구 학동로64길 14,서울,강남구,삼성동,6번지,분양,198,현대산업개발,15854.0,275.0,127.044375,37.5167109,0.0,4.0,39.0,3.0,50.0,0.0,3.0,2.0,21.0,125.0,15.0,2.0,50.0,2
1454,A13703027,잠원동아,아파트,서울특별시 서초구 신반포로33길 15,서울,서초구,잠원동,157번지,분양,991,동아건설,76610.0,1025.0,127.0101655,37.5087284,1.0,6.0,44.0,5.0,30.0,0.0,2.0,3.0,40.0,174.0,10.0,4.0,28.0,2
835,A13527010,도곡우성아파트,아파트,서울특별시 강남구 남부순환로363길 49,서울,강남구,도곡동,1동 934-10,분양,390,우성건설,32577.0,330.0,127.0371243,37.488203,1.0,2.0,65.0,2.0,48.0,1.0,2.0,3.0,21.0,88.0,26.0,0.0,56.0,2
2401,A10026816,아크로타워스퀘어,아파트,서울특별시 영등포구 국회대로54길 10,서울,영등포구,영등포동7가,,,1221,대림산업,89163.0,1530.0,126.9083065,37.52293523,3.0,1.0,66.0,3.0,45.0,1.0,2.0,3.0,21.0,19.0,13.0,4.0,53.0,2
618,A15004403,당산금호어울림,아파트,서울특별시 영등포구 국회대로37길 22,서울,영등포구,당산동4가,95번지(국회대로37길 22),분양,292,(주)금호건설,25480.0,350.0,126.9012562,37.5284502,1.0,5.0,78.0,2.0,36.0,0.0,3.0,8.0,69.0,92.0,11.0,2.0,50.0,2
2213,B11680060,도곡2차 I-Park,,,서울,강남구,도곡동,관리사무소,분양,58,현대산업개,,120.0,127.0371016,37.48918098,1.0,2.0,62.0,3.0,50.0,1.0,2.0,3.0,21.0,91.0,27.0,0.0,60.0,2
2524,A10025122,지밸리소홈,도시형 생활주택(주상복합),서울특별시 영등포구 도림천로19길 11,서울,영등포구,대림동,,분양,299,신세계건설,4814.0,,126.9002077,37.48658697,1.0,2.0,75.0,2.0,45.0,0.0,3.0,5.0,46.0,35.0,16.0,2.0,59.0,2
1935,A15072201,당산반도유보라,아파트,서울특별시 영등포구 국회대로 597,서울,영등포구,당산동4가,96번지 당산반도유보라팰리스아파트관리소,분양,299,반도건설,37535.0,612.0,126.9013023,37.5273128,1.0,4.0,72.0,2.0,43.0,0.0,3.0,8.0,65.0,88.0,10.0,2.0,55.0,2
2711,A10023661,힐스테이트뉴포레,아파트,,서울,관악구,신림동,,분양,1143,현대엔지니어링,69443.0,1303.0,126.90515,37.484267,1.0,1.0,74.0,3.0,57.0,0.0,2.0,3.0,37.0,29.0,10.0,2.0,65.0,2
991,A15080205,당산동부센트레빌,아파트,서울특별시 영등포구 영신로 191,서울,영등포구,당산동3가,동부센트레빌,분양,468,동부건설,49404.0,749.0,126.900447,37.5244575,0.0,3.0,67.0,3.0,48.0,0.0,2.0,6.0,49.0,52.0,14.0,3.0,61.0,2
319,A13586102,도곡현대,아파트,서울특별시 강남구 도곡로18길 34,서울,강남구,도곡동,현대아파트,분양,211,현대산업개발,17927.0,152.0,127.0387604,37.4892623,1.0,3.0,60.0,2.0,48.0,1.0,2.0,3.0,20.0,83.0,24.0,0.0,54.0,2
213,A12283601,녹번현대2차,아파트,서울특별시 은평구 서오릉로 46,서울,은평구,녹번동,278-1,분양,192,현대산업개발(주),18253.0,266.0,126.9246203,37.6051208,0.0,3.0,78.0,3.0,60.0,0.0,1.0,6.0,65.0,66.0,12.0,5.0,44.0,2
200,A13824001,포스코더샵스타리버,주상복합,서울특별시 송파구 올림픽로35길 93,서울,송파구,신천동,더샵스타리버,분양,189,포스코,29694.0,538.0,127.1044137,37.5177485,0.0,4.0,30.0,3.0,39.0,0.0,3.0,1.0,49.0,35.0,17.0,4.0,38.0,2
2113,A10080701,LIG서울역리가,아파트,서울특별시 중구 만리재로33길 21,서울,중구,만리동1가,LIG서울역리가,분양,181,LIG건설(주),15380.0,221.0,126.9669575,37.5558961,2.0,6.0,77.0,2.0,30.0,2.0,2.0,2.0,29.0,15.0,13.0,3.0,39.0,2
528,A13816002,가락동부센트레빌,아파트,서울특별시 송파구 송파대로32길 33,서울,송파구,가락동,95,분양,264,동부건설,34100.0,536.0,127.1162993,37.4978882,1.0,4.0,49.0,3.0,46.0,0.0,2.0,4.0,49.0,81.0,14.0,0.0,42.0,2
2612,A10024501,논현 기린힐스,아파트,서울특별시 강남구 논현로 661,서울,강남구,논현동,,임대,249,대림건설,4601.0,176.0,127.030891,37.512999,0.0,2.0,34.0,2.0,48.0,0.0,2.0,3.0,14.0,64.0,14.0,2.0,79.0,2
2206,B11680014,대원칸타빌(신사동),,,서울,강남구,신사동,대원 칸타빌아파트,분양,130,(주)대원,,170.0,127.0372664,37.5274459,0.0,2.0,32.0,3.0,42.0,1.0,2.0,1.0,8.0,190.0,25.0,3.0,40.0,2
1205,A15728004,마곡수명산파크2단지,아파트,서울특별시 강서구 강서로47길 158,서울,강서구,내발산동,발산택지개발지구,,629,"두산, 이수건설",46505.0,710.0,126.8318783,37.5565695,1.0,2.0,62.0,2.0,61.0,0.0,2.0,2.0,59.0,178.0,13.0,1.0,40.0,2
774,A13824002,잠실더샵스타파크,주상복합,서울특별시 송파구 올림픽로35가길 10,서울,송파구,신천동,7-14,분양,213,포스코건설,38109.0,801.0,127.1023024,37.5169868,0.0,3.0,37.0,2.0,43.0,0.0,3.0,2.0,50.0,36.0,18.0,5.0,37.0,2
576,A15190301,신림미성,아파트,서울특별시 관악구 조원로2길 13,서울,관악구,신림동,"신림동, 미성아파트",분양,280,라이프,22940.0,106.0,126.9034424,37.4824017,2.0,1.0,69.0,3.0,42.0,0.0,3.0,3.0,34.0,28.0,12.0,4.0,68.0,2
2198,A14070901,동부센트레빌아스테리움서울,주상복합,서울특별시 용산구 한강대로 372,서울,용산구,동자동,센트레빌아스테리움서울,분양,278,동부건설,40514.0,754.0,126.9732233,37.5516976,3.0,5.0,64.0,5.0,24.0,1.0,2.0,2.0,33.0,17.0,11.0,2.0,35.0,2
1363,A13305007,마장세림,아파트,서울특별시 성동구 마장로42길 16,서울,성동구,마장동,784,분양,811,세림건설,55227.0,740.0,127.0452055,37.5652973,0.0,7.0,63.0,4.0,29.0,0.0,2.0,4.0,28.0,14.0,9.0,4.0,33.0,2
2650,A10024240,서초그랑자이,아파트,서울특별시 서초구 효령로 391,서울,서초구,서초동,,,1446,지에스건설(주),121758.0,2886.0,127.025992,37.489133,2.0,0.0,75.0,4.0,37.0,0.0,3.0,3.0,27.0,123.0,23.0,0.0,66.0,2
394,A14206001,번동삼성,아파트,서울특별시 강북구 도봉로98길 33,서울,강북구,번동,,분양,228,삼성물산(주),16499.0,202.0,127.0318985,37.6414469,1.0,1.0,76.0,2.0,56.0,0.0,1.0,4.0,53.0,48.0,8.0,4.0,53.0,2
1905,A13792001,서초삼풍,아파트,서울특별시 서초구 서초중앙로 200,서울,서초구,서초동,1685,분양,2390,삼풍건설,279604.0,4780.0,127.0160708,37.4991876,0.0,3.0,58.0,3.0,32.0,0.0,3.0,3.0,26.0,259.0,22.0,0.0,47.0,2
1220,A13086101,제기안암골벽산,아파트,서울특별시 동대문구 약령시로 25,서울,동대문구,제기동,서울 동대문구 제기동 153,분양,640,벽산건설,59921.0,896.0,127.032346,37.5835133,0.0,2.0,56.0,3.0,88.0,0.0,2.0,3.0,21.0,19.0,7.0,3.0,42.0,2
128,A13527002,도곡현대그린,아파트,서울특별시 강남구 논현로51길 25,서울,강남구,도곡동,964번지,분양,171,현대산업개발,14519.0,156.0,127.0397135,37.4889362,1.0,3.0,57.0,2.0,43.0,1.0,2.0,3.0,21.0,83.0,21.0,0.0,49.0,2
1210,A13583701,대치현대,아파트,서울특별시 강남구 삼성로64길 5,서울,강남구,대치동,,분양,630,현대건설(주),49313.0,692.0,127.0610401,37.5008929,0.0,1.0,44.0,3.0,37.0,0.0,3.0,3.0,32.0,1013.0,21.0,1.0,45.0,2
2255,A10027670,상봉듀오트리스,주상복합,서울특별시 중랑구 상봉로 131,서울,중랑구,상봉동,131 상봉듀오트리스 B동 4층,분양,264,"포스코, 포스코A&C",35998.0,554.0,127.0922043,37.59736204,0.0,6.0,65.0,3.0,45.0,0.0,2.0,4.0,48.0,43.0,6.0,4.0,55.0,2
2058,A13527019,도곡쌍용예가,아파트,서울특별시 강남구 남부순환로363길 30,서울,강남구,도곡동,도곡쌍용예가,분양,384,쌍용건설(주),42932.0,414.0,127.0390313,37.4870576,1.0,3.0,60.0,3.0,43.0,1.0,1.0,2.0,18.0,87.0,22.0,0.0,46.0,2
234,A13586101,도곡대림,아파트,,서울,강남구,도곡동,960번지,분양,197,대림건설,16733.0,126.0,127.040409,37.4866347,0.0,3.0,64.0,3.0,44.0,1.0,1.0,2.0,15.0,80.0,19.0,0.0,41.0,2
1485,A13585804,역삼럭키,아파트,서울특별시 강남구 논현로 213,서울,강남구,도곡동,963,분양,1094,럭키,109509.0,1077.0,127.0398285,37.4904585,2.0,1.0,45.0,4.0,43.0,1.0,2.0,4.0,19.0,80.0,19.0,0.0,51.0,2
2402,A10026797,당산롯데캐슬프레스티지 아파트,아파트,서울특별시 영등포구 영신로 237,서울,영등포구,당산동4가,당산동4가 당산롯데캐슬프레스티지아파트,분양,198,롯데건설(주),16827.0,302.0,126.9032499,37.52864616,2.0,4.0,71.0,2.0,38.0,0.0,3.0,7.0,58.0,86.0,11.0,0.0,43.0,2
798,A15184101,서울대입구아이원 (1560-61),아파트,서울특별시 관악구 청룡길 78,서울,관악구,봉천동,서울대입구아이원아파트,분양,374,풍림산업(주),29075.0,417.0,126.9455509,37.4787044,0.0,2.0,52.0,4.0,49.0,0.0,2.0,4.0,41.0,46.0,10.0,1.0,70.0,2
2658,A10024131,래미안 라클래시,아파트,서울특별시 강남구 삼성로 651,서울,강남구,삼성동,,,679,삼성물산,55530.0,1211.0,127.0481649,37.5177334,0.0,4.0,38.0,2.0,51.0,2.0,2.0,2.0,22.0,123.0,19.0,1.0,42.0,2
1323,A12127006,상암월드컵파크4단지,아파트,서울특별시 마포구 상암산로1길 24,서울,마포구,상암동,상암 월드컵파크 4단지,분양,761,태영건설,67620.0,965.0,127.0484681,37.5163114,0.0,6.0,33.0,2.0,45.0,2.0,2.0,2.0,25.0,116.0,15.0,0.0,43.0,2
1498,A13509012,삼성힐스테이트1단지,아파트,서울특별시 강남구 학동로68길 29,서울,강남구,삼성동,삼성동힐스테이트1단지아파트,분양,1144,현대건설(주),89308.0,1520.0,127.0484681,37.5163114,0.0,6.0,33.0,2.0,45.0,2.0,2.0,2.0,25.0,116.0,15.0,0.0,43.0,2
343,A13707003,서초대우아이빌,주상복합,서울특별시 서초구 서초대로58길 10,서울,서초구,서초동,1675-11번지,분양,215,대우건설,8544.0,165.0,127.0175669,37.4942468,1.0,2.0,63.0,3.0,29.0,0.0,2.0,5.0,29.0,108.0,25.0,0.0,47.0,2
714,A13509007,삼성롯데,아파트,서울특별시 강남구 학동로 432,서울,강남구,삼성동,17번지,분양,339,롯데건설,27299.0,418.0,127.0487,37.5177728,0.0,4.0,39.0,2.0,49.0,2.0,2.0,2.0,23.0,120.0,19.0,1.0,44.0,2
942,A13880204,가락대림아파트,아파트,서울특별시 송파구 송이로 88,서울,송파구,가락동,70-19,분양,443,1,38895.0,308.0,127.1188815,37.499639,1.0,3.0,55.0,4.0,45.0,0.0,2.0,5.0,48.0,95.0,10.0,0.0,43.0,2
1172,A15101101,신림동부,아파트,서울특별시 관악구 신원로 26,서울,관악구,신림동,신림동부아파트,,592,동부건설(주),34845.0,401.0,126.9292661,37.480463,1.0,3.0,54.0,6.0,38.0,0.0,1.0,3.0,33.0,35.0,4.0,0.0,65.0,2
2219,A13122002,상봉프레미어스엠코,주상복합,서울특별시 중랑구 망우로 353,서울,중랑구,상봉동,상봉 프레미어스 엠코 관리사무소,,497,현대엠코(주),50921.0,771.0,127.0903793,37.5980973,0.0,6.0,64.0,2.0,38.0,0.0,3.0,7.0,53.0,46.0,5.0,4.0,55.0,2
1997,A15072002,당산SHVILLE,아파트,서울특별시 영등포구 영신로 183,서울,영등포구,당산동3가,562번지,임대,195,두산건설,15597.0,214.0,126.9015338,37.5242149,0.0,3.0,70.0,2.0,57.0,0.0,2.0,6.0,48.0,52.0,16.0,4.0,64.0,2
389,A14019001,후암미주,아파트,서울특별시 용산구 후암로 71-1,서울,용산구,후암동,423-1,분양,226,라이프주택,14228.0,120.0,126.9757889,37.55185,4.0,4.0,67.0,5.0,26.0,1.0,2.0,2.0,30.0,17.0,10.0,1.0,32.0,2
367,A13184804,묵동신도1차,아파트,서울특별시 중랑구 공릉로13길 30,서울,중랑구,묵동,묵동신도아파트관리소,분양,221,신도종합건설,17617.0,247.0,127.0775863,37.6168885,1.0,4.0,75.0,3.0,39.0,0.0,1.0,3.0,58.0,51.0,7.0,1.0,42.0,2
1855,A13170401,한일써너스빌아파트,아파트,서울특별시 중랑구 망우로 346,서울,중랑구,상봉동,한일써너스빌아파트,분양,504,한일건설,43208.0,638.0,127.0912331,37.5972558,0.0,6.0,65.0,2.0,43.0,0.0,3.0,6.0,46.0,38.0,5.0,4.0,56.0,2
2604,A10024567,포레나영등포센트럴아파트,주상복합,서울특별시 영등포구 국회대로50길 20,서울,영등포구,영등포동7가,,분양,185,(주)한화건설,13640.0,326.0,126.905671,37.523206,2.0,1.0,64.0,4.0,49.0,1.0,2.0,4.0,32.0,36.0,13.0,5.0,61.0,2
2666,A10024034,수유역푸르지오시티,도시형 생활주택(주상복합),,서울,강북구,미아동,,분양,298,주식회사대우건설,5707.0,,127.0237767,37.63415027,0.0,2.0,83.0,3.0,51.0,1.0,1.0,4.0,40.0,28.0,11.0,6.0,60.0,2
995,A15788203,화곡중앙하이츠,아파트,서울특별시 강서구 강서로17가길 46,서울,강서구,화곡동,351-89번지,분양,473,중앙건설,29806.0,165.0,126.8437889,37.5355465,1.0,3.0,60.0,2.0,53.0,0.0,3.0,7.0,90.0,68.0,6.0,1.0,56.0,2
1660,A15805115,목동7단지,아파트,서울특별시 양천구 목동로 212,서울,양천구,목동,,분양,2550,광주고속 경남기업 한일개발 경향건설,184875.0,1285.0,126.869144,37.5290303,1.0,2.0,54.0,4.0,47.0,0.0,3.0,5.0,26.0,279.0,18.0,3.0,36.0,2
2188,A13510009,청담래미안로이뷰,아파트,서울특별시 강남구 영동대로142길 16,서울,강남구,청담동,16,분양,177,삼성물산,19505.0,216.0,127.0428004,37.5179279,0.0,3.0,34.0,4.0,54.0,0.0,3.0,2.0,21.0,117.0,19.0,2.0,55.0,2
356,A13510203,청담래미안,아파트,서울특별시 강남구 학동로 405,서울,강남구,청담동,42번지,분양,217,삼성물산(주),20646.0,319.0,127.0427658,37.5179137,0.0,3.0,34.0,4.0,54.0,0.0,3.0,2.0,21.0,118.0,19.0,2.0,55.0,2
1869,A13550403,도곡한신,아파트,,서울,강남구,도곡동,도곡한신아파트,분양,421,(주)한신공영,36882.0,492.0,127.0402373,37.4878586,0.0,3.0,61.0,3.0,43.0,1.0,1.0,2.0,16.0,83.0,18.0,0.0,42.0,2
712,A15080204,당산한양,아파트,서울특별시 영등포구 영신로 193,서울,영등포구,당산동3가,2-6,분양,338,한양건설,27269.0,300.0,126.8997511,37.5254625,0.0,3.0,71.0,2.0,46.0,0.0,3.0,7.0,60.0,83.0,12.0,4.0,60.0,2
634,A13817202,송파성지,아파트,서울특별시 송파구 송이로12길 11,서울,송파구,송파동,,분양,298,성지,24744.0,0.0,127.1171288,37.5000876,1.0,3.0,51.0,3.0,47.0,0.0,2.0,6.0,54.0,104.0,10.0,0.0,45.0,2
1523,A13704404,반포미도아파트,아파트,서울특별시 서초구 서초중앙로29길 28,서울,서초구,반포동,,분양,1260,한보건설,107050.0,1106.0,127.008831,37.5022696,2.0,5.0,58.0,2.0,32.0,0.0,3.0,3.0,29.0,290.0,18.0,3.0,12.0,2
2660,A10024102,대치르엘,아파트,서울특별시 강남구 도곡로93길 23,서울,강남구,대치동,,,273,롯데건설,19741.0,412.0,127.0624654,37.5016593,0.0,2.0,41.0,3.0,33.0,0.0,2.0,3.0,29.0,791.0,22.0,0.0,41.0,2
2564,A10024814,로데오현대아파트,아파트,서울특별시 강남구 압구정로50길 28,서울,강남구,신사동,,분양,139,고려산업개발(주),10759.0,156.0,127.0373,37.52667,0.0,2.0,32.0,3.0,49.0,1.0,1.0,1.0,8.0,194.0,26.0,3.0,42.0,2
1229,A13083102,래미안이문2차,아파트,서울특별시 동대문구 이문로12길 3-10,서울,동대문구,이문동,311,분양,648,삼성물산,52477.0,777.0,127.0600617,37.593404,0.0,4.0,53.0,4.0,48.0,0.0,2.0,5.0,40.0,41.0,7.0,2.0,44.0,2
690,A14319307,자양한라,아파트,서울특별시 광진구 뚝섬로33길 20,서울,광진구,자양동,762번지,분양,329,한라건설,24211.0,344.0,127.0700492,37.5356629,0.0,3.0,46.0,2.0,42.0,0.0,3.0,7.0,47.0,76.0,9.0,6.0,51.0,2
2682,A10023939,삼성석탑아파트,아파트,,서울,강남구,삼성동,,분양,139,석탑건설,10142.0,148.0,127.0434776,37.5175602,0.0,3.0,41.0,4.0,52.0,0.0,3.0,2.0,21.0,120.0,19.0,2.0,52.0,2
1014,A12102005,마포현대아파트,아파트,서울특별시 마포구 마포대로11길 84,서울,마포구,공덕동,188-108,분양,480,현대건설,35009.0,380.0,126.9496256,37.549767,0.0,4.0,62.0,3.0,34.0,0.0,3.0,4.0,51.0,121.0,16.0,3.0,42.0,2
1916,A13579505,래미안그레이튼3차,아파트,서울특별시 강남구 도곡로43길 20,서울,강남구,역삼동,763-16,,476,삼성물산,39855.0,582.0,127.0481579,37.4964808,1.0,1.0,45.0,2.0,58.0,1.0,3.0,3.0,23.0,434.0,13.0,2.0,54.0,2
2209,B11680026,중명하니빌,,,서울,강남구,도곡동,965,,111,,,0.0,127.038958,37.485888,0.0,3.0,65.0,3.0,41.0,1.0,1.0,2.0,18.0,81.0,19.0,0.0,38.0,2
1420,A13880407,가락금호,아파트,서울특별시 송파구 송파대로32길 15,서울,송파구,가락동,,분양,915,금호건설,66271.0,738.0,127.1163709,37.4963581,1.0,4.0,45.0,3.0,39.0,0.0,3.0,3.0,41.0,57.0,12.0,0.0,42.0,2
2375,A15076801,금호어울림,아파트,서울특별시 영등포구 문래로 137,서울,영등포구,문래동3가,,분양,134,(주)금호산업,11388.0,145.0,126.8970491,37.51910762,0.0,3.0,72.0,3.0,49.0,0.0,2.0,3.0,33.0,57.0,18.0,7.0,49.0,2
1383,A13920703,상계주공5단지,아파트,서울특별시 노원구 동일로216길 47,서울,노원구,상계동,721,분양,840,대한주택공사,26863.0,0.0,127.0639994,37.6526752,1.0,2.0,68.0,3.0,66.0,0.0,3.0,7.0,68.0,94.0,11.0,1.0,54.0,2
37,A13527001,도곡동양재디오빌,주상복합,서울특별시 강남구 강남대로 256,서울,강남구,도곡동,952번지,분양,155,대우건설,4261.0,125.0,127.0335386,37.4864782,1.0,2.0,61.0,2.0,45.0,0.0,2.0,2.0,21.0,92.0,25.0,0.0,54.0,2
1939,A13707016,서초교대e편한세상,아파트,서울특별시 서초구 서초중앙로24길 33,서울,서초구,서초동,1686-9,,435,대림산업 (주),41190.0,763.0,127.0166404,37.4964455,1.0,2.0,66.0,2.0,34.0,0.0,3.0,5.0,25.0,184.0,22.0,0.0,42.0,2
1817,A13579503,역삼2차아이파크,아파트,서울특별시 강남구 도곡로57길 12,서울,강남구,역삼동,역삼2차아이파크아파트,분양,150,현대산업개발(주),13091.0,200.0,127.0520538,37.4967427,1.0,3.0,44.0,3.0,53.0,0.0,3.0,4.0,29.0,811.0,14.0,3.0,61.0,2
1683,A13704104,반포자이,아파트,서울특별시 서초구 신반포로 270,서울,서초구,반포동,20-1.,,3410,GS건설,405926.0,6075.0,127.0135922,37.507538,1.0,4.0,45.0,2.0,36.0,0.0,2.0,2.0,36.0,198.0,11.0,4.0,41.0,2
1752,A13872502,롯데캐슬골드,주상복합,서울특별시 송파구 올림픽로 269,서울,송파구,신천동,,분양,400,롯데건설,69171.0,1098.0,127.1006125,37.5145557,0.0,3.0,38.0,4.0,45.0,0.0,3.0,3.0,28.0,42.0,19.0,8.0,41.0,2
492,A13880603,가락한신,아파트,서울특별시 송파구 송파대로 220,서울,송파구,가락동,102번지,분양,256,한신공영,21636.0,174.0,127.1217367,37.489685,0.0,4.0,53.0,2.0,45.0,1.0,3.0,3.0,32.0,41.0,15.0,2.0,46.0,2
740,A13527008,도곡경남,아파트,서울특별시 강남구 논현로 209,서울,강남구,도곡동,967,분양,348,경남기업,27618.0,397.0,127.0408208,37.4886314,1.0,3.0,58.0,3.0,42.0,1.0,1.0,3.0,18.0,82.0,16.0,0.0,40.0,2
2131,A13872503,잠실푸르지오월드마크,주상복합,서울특별시 송파구 올림픽로35가길 9,서울,송파구,신천동,11-4,분양,288,주)대우건설,32392.0,502.0,127.1036042,37.5174478,0.0,3.0,31.0,2.0,40.0,0.0,3.0,1.0,49.0,35.0,17.0,4.0,37.0,2
640,A13788002,"서초현대1,2차",아파트,서울특별시 서초구 효령로72길 14,서울,서초구,서초동,,분양,413,현대산업개발주식회사,33458.0,188.0,127.0199792,37.4909646,1.0,3.0,74.0,3.0,50.0,0.0,2.0,3.0,29.0,136.0,25.0,0.0,57.0,2
800,A13185602,상봉우정,아파트,서울특별시 중랑구 상봉중앙로1다길 21,서울,중랑구,상봉동,496,분양,375,우정건설(주),29880.0,442.0,127.0886359,37.5996773,0.0,6.0,61.0,3.0,34.0,0.0,3.0,7.0,58.0,49.0,7.0,4.0,51.0,2
1808,A13772801,서초현대아파트,아파트,서울특별시 서초구 사임당로19길 10,서울,서초구,서초동,1648-2번지,분양,299,고려산업개발(주),23751.0,345.0,127.0201769,37.4909929,1.0,3.0,74.0,3.0,50.0,0.0,2.0,3.0,29.0,143.0,25.0,0.0,57.0,2
28,A15383601,독산진도2차,아파트,서울특별시 금천구 두산로 36,서울,금천구,독산동,1133번지,분양,154,진도건설,11178.0,139.0,126.8922168,37.4700234,1.0,1.0,94.0,3.0,29.0,0.0,1.0,2.0,31.0,21.0,11.0,3.0,54.0,2
1508,A14319012,자양더샵스타시티,주상복합,서울특별시 광진구 아차산로 262,서울,광진구,자양동,227-7번지,분양,1177,posco,157669.0,2810.0,127.072564,37.5378573,0.0,2.0,40.0,2.0,41.0,0.0,3.0,7.0,48.0,80.0,9.0,6.0,57.0,2
2545,A10024913,반포센트럴자이아파트,아파트,서울특별시 서초구 반포대로 310-6,서울,서초구,잠원동,,,757,GS건설,67193.0,1202.0,127.001701,37.507069,2.0,4.0,50.0,3.0,27.0,0.0,3.0,3.0,27.0,113.0,16.0,5.0,11.0,2
105,A13704101,반포삼호가든맨션5차,아파트,서울특별시 서초구 서초중앙로 242,서울,서초구,반포동,30-1,분양,168,삼호,23009.0,252.0,127.0115013,37.5039415,1.0,5.0,53.0,3.0,27.0,0.0,3.0,3.0,35.0,256.0,11.0,3.0,25.0,2
2336,A13872504,장미3차,아파트,서울특별시 송파구 올림픽로35길 94,서울,송파구,신천동,관리사무소,분양,120,라이프 주택개발,16099.0,141.0,127.1031777,37.51821271,0.0,3.0,32.0,2.0,40.0,0.0,3.0,1.0,47.0,35.0,17.0,4.0,35.0,2
2616,A10024490,여의도더리브스타일 ,도시형 생활주택(주상복합),서울특별시 영등포구 경인로 900,서울,영등포구,영등포동1가,,분양,185,SGC이테크건설,3069.0,,126.9126477,37.51769214,1.0,3.0,64.0,4.0,38.0,2.0,0.0,1.0,12.0,6.0,9.0,4.0,40.0,2
2667,A10024035,강남파라곤,,,서울,강남구,논현동,,분양,58,동양건설산업(주),6480.0,210.0,127.038377,37.5167702,0.0,4.0,33.0,2.0,54.0,0.0,2.0,3.0,17.0,103.0,20.0,1.0,57.0,2
1380,A13880406,가락우성1차,아파트,서울특별시 송파구 송파대로32길 8,서울,송파구,가락동,,분양,839,(주)우성건설,55919.0,472.0,127.1175983,37.4971891,1.0,4.0,49.0,2.0,42.0,0.0,3.0,3.0,43.0,71.0,10.0,0.0,42.0,2
2721,A10023551,동작협성휴포레시그니처아파트,,,서울,동작구,신대방동,,분양,274,(주)협성건설,23281.0,321.0,126.9055334,37.4865084,1.0,2.0,75.0,3.0,59.0,0.0,3.0,4.0,37.0,34.0,10.0,2.0,58.0,2
2028,A15676702,본동SH-ville,아파트,서울특별시 동작구 노량진로22길 60,서울,동작구,본동,,임대,176,(주)C&우방,5320.0,125.0,126.9496541,37.5107805,1.0,2.0,74.0,3.0,20.0,1.0,4.0,10.0,36.0,39.0,5.0,0.0,35.0,3
188,A15783902,등촌태영,아파트,서울특별시 강서구 양천로 590,서울,강서구,등촌동,,분양,186,태영건설(주),14905.0,181.0,126.8641456,37.55566,0.0,2.0,51.0,4.0,29.0,2.0,3.0,4.0,55.0,79.0,8.0,0.0,30.0,3
2400,A10026834,힐스테이트 백련산4차 아파트,아파트,서울특별시 은평구 백련산로 37,서울,은평구,응암동,힐스테이트백련산4차아파트,,963,현대건설,71911.0,1180.0,126.9221197,37.58942882,0.0,1.0,74.0,3.0,29.0,1.0,3.0,8.0,49.0,65.0,5.0,4.0,24.0,3
1981,A14272311,SK북한산시티임대,아파트,서울특별시 강북구 솔샘로 174,서울,강북구,미아동,SK아파트,임대,1497,sk건설,49087.0,693.0,127.0127489,37.6199864,0.0,3.0,80.0,1.0,24.0,0.0,5.0,6.0,67.0,67.0,3.0,2.0,29.0,3
1148,A13183504,면목늘푸른동아아파트,아파트,서울특별시 중랑구 동일로 476,서울,중랑구,면목동,715번지,분양,573,동아건설산업(주),43773.0,0.0,127.0806504,37.572881,1.0,1.0,50.0,5.0,19.0,0.0,4.0,8.0,63.0,111.0,3.0,0.0,35.0,3
1001,A15005001,신길우성4차아파트 ,아파트,서울특별시 영등포구 영등포로64길 11,서울,영등포구,신길동,서울 영등포구 신길2동 170-7,분양,476,우성건설,38900.0,292.0,126.9164533,37.5142647,1.0,2.0,65.0,5.0,23.0,2.0,2.0,2.0,35.0,14.0,2.0,1.0,34.0,3
952,A15283709,고척청구아파트,아파트,서울특별시 구로구 중앙로6길 5-15,서울,구로구,고척동,고척청구아파트,분양,448,(주)청구,34665.0,465.0,126.8638405,37.5015386,0.0,1.0,56.0,4.0,28.0,0.0,4.0,4.0,45.0,62.0,5.0,2.0,23.0,3
1961,A13995602,월계사슴1단지,아파트,서울특별시 노원구 월계로 372,서울,노원구,월계동,321번지,임대,1372,삼익건설,37535.0,0.0,127.0605132,37.6300507,1.0,3.0,59.0,3.0,18.0,0.0,5.0,8.0,84.0,23.0,3.0,1.0,22.0,3
757,A14383901,군자일성파크,아파트,서울특별시 광진구 군자로12길 46,서울,광진구,군자동,99번지,분양,357,일성건설,26614.0,362.0,127.0726402,37.551275,1.0,1.0,50.0,5.0,15.0,1.0,3.0,5.0,38.0,27.0,4.0,0.0,49.0,3
1488,A15780904,가양도시개발공사8단지(임대),아파트,서울특별시 강서구 허준로 176,서울,강서구,가양동,1482번지,임대,1110,삼성중공업,45520.0,395.0,126.8572021,37.5616771,0.0,2.0,63.0,3.0,29.0,1.0,4.0,9.0,49.0,27.0,6.0,1.0,27.0,3
946,A12208204,새절역현대아파트,아파트,서울특별시 은평구 은평터널로 164,서울,은평구,신사동,359번지,분양,445,현대건설,37458.0,282.0,126.9086256,37.5935228,0.0,1.0,58.0,4.0,22.0,1.0,3.0,5.0,45.0,50.0,1.0,1.0,46.0,3
451,A15783905,등촌삼성한사랑,아파트,서울특별시 강서구 양천로66길 6,서울,강서구,등촌동,삼성한사랑1차아파트,분양,244,삼성중공업,18250.0,254.0,126.863892,37.5552044,0.0,2.0,55.0,4.0,32.0,2.0,3.0,5.0,56.0,82.0,8.0,0.0,31.0,3
1504,A15701602,우장산롯데캐슬,아파트,서울특별시 강서구 공항대로 382,서울,강서구,화곡동,1145번지,분양,1164,롯데건설(주),133365.0,1979.0,126.8480525,37.5552159,0.0,0.0,75.0,2.0,32.0,1.0,4.0,4.0,43.0,78.0,6.0,1.0,44.0,3
1235,A14381513,광장청구,아파트,서울특별시 광진구 아차산로 503-23,서울,광진구,광장동,청구아파트,분양,654,청구주택,47029.0,478.0,127.0962915,37.5425784,0.0,1.0,58.0,4.0,22.0,0.0,4.0,7.0,49.0,163.0,7.0,1.0,20.0,3
1004,A15606003,본동삼성래미안아파트,아파트,서울특별시 동작구 매봉로 123,서울,동작구,본동,,분양,477,삼성물산,41035.0,581.0,126.9495123,37.5099892,1.0,2.0,78.0,3.0,22.0,1.0,4.0,11.0,43.0,55.0,6.0,0.0,38.0,3
1176,A13811204,거여3단지,아파트,서울특별시 송파구 양산로2길 44,서울,송파구,거여동,양산로2길 44번지,임대,598,자유건설,28027.0,430.0,127.1476125,37.4902013,0.0,2.0,40.0,4.0,28.0,0.0,4.0,7.0,59.0,53.0,3.0,0.0,26.0,3
46,A15283801,신도림쌍용플래티넘노블,아파트,서울특별시 구로구 공원로 40,서울,구로구,구로동,46번지 신도림쌍용플래티넘노블,분양,155,남광토건(주),17885.0,258.0,126.8912982,37.5009591,0.0,0.0,80.0,2.0,29.0,0.0,5.0,3.0,50.0,53.0,9.0,0.0,41.0,3
1499,A13376906,응봉대림강변,아파트,서울특별시 성동구 고산자로 160,서울,성동구,응봉동,15,분양,1150,대림산업(주),92222.0,1337.0,127.0358252,37.5534751,0.0,3.0,93.0,4.0,18.0,0.0,3.0,3.0,45.0,80.0,3.0,0.0,22.0,3
566,A15786314,염창태영송화,아파트,서울특별시 강서구 공항대로61길 60,서울,강서구,염창동,270-1,분양,277,태영건설(주),21605.0,307.0,126.8672037,37.553393,0.0,2.0,50.0,2.0,32.0,2.0,4.0,6.0,59.0,103.0,9.0,0.0,35.0,3
1137,A13376702,옥수현대,아파트,서울특별시 성동구 독서당로40길 25,서울,성동구,옥수동,4번지(독서당로 40길 25),분양,566,현대건설,50322.0,412.0,127.0188915,37.5436054,2.0,3.0,95.0,3.0,23.0,2.0,3.0,7.0,42.0,55.0,5.0,1.0,20.0,3
933,A15884202,신월신안약수,아파트,서울특별시 양천구 중앙로29길 55,서울,양천구,신월동,591-1 신안약수아파트 관리사무소,분양,440,신안건설산업(주),34843.0,412.0,126.8474503,37.5165172,0.0,1.0,56.0,5.0,29.0,1.0,3.0,4.0,87.0,69.0,7.0,1.0,24.0,3
338,A13980402,공릉건영장미,아파트,서울특별시 노원구 공릉로51길 14-1,서울,노원구,공릉동,744번지 관리사무소,분양,215,0,15973.0,218.0,127.0753286,37.6292718,0.0,1.0,74.0,4.0,32.0,1.0,3.0,12.0,60.0,53.0,5.0,0.0,35.0,3
901,A15786424,염창한화꿈에그린,아파트,서울특별시 강서구 공항대로75길 17,서울,강서구,염창동,281-22번지,분양,422,한화건설,35504.0,508.0,126.8731525,37.5481893,0.0,2.0,41.0,3.0,36.0,1.0,4.0,6.0,52.0,73.0,7.0,0.0,28.0,3
1548,A13120002,면목2동한신아파트,아파트,서울특별시 중랑구 중랑천로 20,서울,중랑구,면목동,서울 중랑구 면목2동 193-1번지,분양,1362,한신공영,69997.0,524.0,127.0754781,37.5875092,0.0,0.0,55.0,5.0,23.0,0.0,3.0,6.0,46.0,36.0,2.0,0.0,38.0,3
132,A12185001,성사1차 풍림아파트,아파트,,서울,마포구,성산동,600번지,분양,172,풍림산업,13181.0,188.0,126.9124027,37.5685044,0.0,1.0,60.0,3.0,27.0,0.0,4.0,5.0,43.0,76.0,6.0,2.0,34.0,3
1408,A12007001,독립문삼호,아파트,서울특별시 서대문구 독립문로 10,서울,서대문구,영천동,삼호아파트,분양,895,삼호건설,80064.0,943.0,126.9584462,37.5703141,1.0,1.0,86.0,4.0,24.0,1.0,3.0,2.0,29.0,37.0,4.0,0.0,23.0,3
717,A15783907,한사랑2차삼성아파트(등촌동),아파트,서울특별시 강서구 공항대로59길 64,서울,강서구,등촌동,634-3,분양,339,삼성중공업(주),25629.0,351.0,126.8638745,37.5542766,0.0,2.0,52.0,3.0,32.0,2.0,4.0,5.0,52.0,82.0,9.0,0.0,32.0,3
1406,A13380803,서울숲푸르지오,아파트,서울특별시 성동구 금호로 15,서울,성동구,금호동4가,,분양,888,(주)대우건설,71398.0,1016.0,127.0221874,37.5449355,2.0,3.0,81.0,3.0,24.0,2.0,4.0,7.0,41.0,54.0,4.0,1.0,16.0,3
179,A13184401,면목삼호,아파트,서울특별시 중랑구 용마산로 259,서울,중랑구,면목동,1513번지,분양,183,(주)삼호,14913.0,168.0,127.088375,37.5763667,0.0,2.0,43.0,5.0,28.0,2.0,2.0,5.0,39.0,36.0,3.0,0.0,28.0,3
2258,A10027541,강서쌍용예가아파트,아파트,서울특별시 강서구 양천로 613,서울,강서구,염창동,강서쌍용예가아파트,분양,152,(주)쌍용건설,12456.0,191.0,126.8662612,37.55526112,0.0,2.0,48.0,3.0,33.0,2.0,4.0,5.0,48.0,95.0,8.0,0.0,30.0,3
805,A13376405,성수한진타운,아파트,서울특별시 성동구 뚝섬로 312,서울,성동구,성수동1가,"(성수동1가,한진타운아파트)",분양,378,한진건설,27117.0,286.0,127.0453053,37.541117,0.0,2.0,47.0,5.0,14.0,2.0,2.0,3.0,18.0,25.0,6.0,0.0,38.0,3
1335,A13483002,명일지에스,아파트,서울특별시 강동구 상암로51길 61,서울,강동구,명일동,,분양,772,LG건설,57750.0,819.0,127.1460609,37.5490861,0.0,2.0,59.0,3.0,34.0,1.0,4.0,8.0,64.0,154.0,7.0,1.0,30.0,3
1710,A12078704,홍제원 현대,아파트,서울특별시 서대문구 통일로34길 43,서울,서대문구,홍제동,459,분양,939,현대건설,80719.0,1130.0,126.9495987,37.5876675,0.0,2.0,70.0,3.0,35.0,1.0,3.0,7.0,35.0,43.0,4.0,0.0,20.0,3
2601,A10024581,DMC문영퀸즈파크,아파트,서울특별시 은평구 증산로13길 44-5,서울,은평구,증산동,,분양,119,문영건설,10110.0,143.0,126.907735,37.587619,0.0,2.0,53.0,5.0,21.0,1.0,3.0,4.0,50.0,56.0,1.0,0.0,37.0,3
401,A13983803,상계대림e-편한세상,아파트,서울특별시 노원구 동일로239길 68,서울,노원구,상계동,,분양,230,(주)삼호,18166.0,254.0,127.0508626,37.6748543,0.0,2.0,81.0,4.0,23.0,0.0,3.0,8.0,81.0,40.0,5.0,1.0,24.0,3
2108,A13375906,어울림더리버아파트,아파트,서울특별시 성동구 독서당로40길 37,서울,성동구,옥수동,,분양,297,금호건설,26725.0,371.0,127.0181964,37.5423084,2.0,3.0,86.0,3.0,24.0,2.0,3.0,6.0,40.0,61.0,5.0,0.0,17.0,3
1839,A13075402,래미안엘파인,아파트,서울특별시 동대문구 한천로37길 33,서울,동대문구,답십리동,1000,분양,472,삼성물산,38293.0,558.0,127.065374,37.575779,0.0,0.0,52.0,2.0,54.0,2.0,4.0,8.0,53.0,134.0,6.0,1.0,48.0,3
1228,A13881103,삼환가락,아파트,서울특별시 송파구 오금로 432,서울,송파구,가락동,176번지,분양,648,(주)삼환까뮤,62234.0,650.0,127.1367851,37.4953676,0.0,2.0,40.0,3.0,29.0,1.0,4.0,4.0,60.0,86.0,6.0,0.0,32.0,3
412,A13882402,문정푸르지오1차,아파트,서울특별시 송파구 문정로 55,서울,송파구,문정동,,분양,233,대우,17746.0,242.0,127.1281123,37.4868865,0.0,1.0,58.0,3.0,25.0,1.0,4.0,8.0,61.0,78.0,6.0,2.0,31.0,3
1468,A13381608,마장현대,아파트,서울특별시 성동구 마장로35길 76,서울,성동구,마장동,,분양,1017,고려산업개발(주),86258.0,1042.0,127.0425631,37.5694733,0.0,3.0,56.0,3.0,17.0,2.0,3.0,4.0,33.0,22.0,7.0,2.0,28.0,3
2390,A10026910,관악우정하이비전아파트 1단지,아파트,서울특별시 관악구 양지길 50-5,서울,관악구,신림동,,분양,140,우정건설(주),11790.0,0.0,126.928987,37.47142332,0.0,1.0,44.0,5.0,21.0,0.0,3.0,4.0,30.0,28.0,1.0,1.0,51.0,3
547,A15606001,경동윈츠리버,아파트,서울특별시 동작구 노량진로32길 156,서울,동작구,본동,484번지,분양,272,경동건설,19986.0,282.0,126.9545986,37.5098847,1.0,2.0,77.0,2.0,30.0,1.0,4.0,7.0,29.0,29.0,4.0,1.0,21.0,3
40,A13187501,중화극동,아파트,서울특별시 중랑구 봉화산로27길 32,서울,중랑구,중화동,19번지,분양,156,극동건설,13006.0,160.0,127.0837949,37.6036519,0.0,3.0,47.0,5.0,20.0,0.0,4.0,8.0,42.0,38.0,4.0,0.0,28.0,3
245,A12284701,불광대호2차,아파트,서울특별시 은평구 불광로 90,서울,은평구,불광동,631-1,분양,198,(주)대호,15590.0,216.0,126.9328692,37.6147577,0.0,3.0,53.0,2.0,30.0,1.0,4.0,5.0,43.0,38.0,5.0,4.0,16.0,3
1221,A15780401,가양강나루현대,아파트,서울특별시 강서구 양천로 507,서울,강서구,가양동,강나루현대아파트,분양,642,고려산업개발(주),45932.0,652.0,126.856966,37.5607691,0.0,2.0,66.0,3.0,32.0,1.0,4.0,9.0,51.0,37.0,9.0,1.0,29.0,3
2264,A15720001,강서한강자이,아파트,서울특별시 강서구 양천로55길 55,서울,강서구,가양동,강서한강자이,,790,gs건설,73129.0,220.0,126.8481254,37.56647139,0.0,2.0,71.0,2.0,31.0,1.0,4.0,9.0,45.0,59.0,5.0,1.0,21.0,3
194,A13204501,창동대동,아파트,서울특별시 도봉구 도봉로 642-30,서울,도봉구,창동,811,분양,188,(주)대동,14993.0,213.0,127.0440625,37.6617487,0.0,1.0,62.0,4.0,29.0,0.0,4.0,9.0,57.0,77.0,8.0,2.0,25.0,3
1274,A13987205,하계1차청구아파트,아파트,서울특별시 노원구 한글비석로 91,서울,노원구,하계동,251번지 하계1차청구아파트관리사무소,분양,700,청구건설,59220.0,779.0,127.0709532,37.6394506,0.0,1.0,67.0,4.0,29.0,0.0,4.0,11.0,52.0,61.0,5.0,3.0,18.0,3
2072,A13776510,반포힐스테이트,아파트,서울특별시 서초구 신반포로16길 15-20,서울,서초구,반포동,반포힐스테이트,분양,397,(주)현대건설,42873.0,699.0,126.9968046,37.5012624,0.0,2.0,52.0,4.0,14.0,0.0,4.0,4.0,21.0,87.0,13.0,1.0,18.0,3
1994,A13679403,길음뉴타운7단지,아파트,서울특별시 성북구 길음로13길 22,서울,성북구,길음동,1285번지 길음뉴타운7단지 두산위브,분양,449,두산건설,37581.0,528.0,127.0188321,37.6097649,0.0,0.0,57.0,4.0,21.0,0.0,4.0,10.0,101.0,98.0,5.0,2.0,31.0,3
2151,B13679401,길음뉴타운7단지 제2,,,서울,성북구,길음1동,1285-5번지,임대,99,,,0.0,127.0188123,37.6097441,0.0,0.0,58.0,4.0,21.0,0.0,4.0,10.0,101.0,98.0,5.0,2.0,31.0,3
2135,B13077001,전농삼성임대,,,서울,동대문구,전농동,서울 동대문구 전농동155-1,,139,,,66.0,127.0556151,37.5812702,0.0,3.0,37.0,4.0,28.0,1.0,4.0,6.0,27.0,52.0,3.0,2.0,34.0,3
1354,A15681108,대방주공2단지,아파트,서울특별시 동작구 여의대방로44길 47,서울,동작구,대방동,503,분양,798,유원건설,45293.0,420.0,126.929455,37.5095402,0.0,3.0,68.0,5.0,18.0,1.0,2.0,1.0,36.0,42.0,3.0,2.0,26.0,3
645,A13290404,창동금호어울림,아파트,서울특별시 도봉구 도봉로136가길 68,서울,도봉구,창동,,분양,299,금호건설(주),28981.0,413.0,127.0417515,37.6564796,0.0,2.0,77.0,2.0,30.0,0.0,5.0,11.0,67.0,112.0,4.0,1.0,36.0,3
2480,A10025632,송파해모로아파트,,서울특별시 송파구 풍성로26길 47,서울,송파구,풍납동,,분양,114,(주)한진중공업,10782.0,156.0,127.117008,37.52965343,0.0,1.0,43.0,4.0,40.0,0.0,4.0,4.0,46.0,43.0,7.0,0.0,28.0,3
2029,A13972603,중계4단지목화,아파트,서울특별시 노원구 노원로19길 31,서울,노원구,중계동,511-2,임대,1979,"벽산건설,남광토건",83103.0,857.0,127.0696523,37.6435986,0.0,1.0,75.0,3.0,19.0,0.0,4.0,6.0,56.0,69.0,3.0,4.0,21.0,3
2679,A10023959,홍제역 해링턴플레이스아파트,아파트,서울특별시 서대문구 세무서8길 30,서울,서대문구,홍제동,,,1116,효성중공업(주),80061.0,1289.0,126.947405,37.590313,0.0,1.0,91.0,3.0,40.0,0.0,3.0,8.0,46.0,61.0,4.0,0.0,24.0,3
516,A13580002,개포우성8차,아파트,서울특별시 강남구 개포로 411,서울,강남구,개포동,우성8차아파트,분양,261,우성건설,20760.0,138.0,127.062288,37.48811,0.0,5.0,47.0,2.0,24.0,0.0,6.0,4.0,24.0,167.0,8.0,1.0,15.0,3
775,A13706303,방배대우효령,아파트,서울특별시 서초구 효령로 84,서울,서초구,방배동,1038,분양,364,대우종합건설,30908.0,274.0,126.9936334,37.4797613,0.0,1.0,79.0,5.0,21.0,0.0,2.0,3.0,24.0,66.0,5.0,0.0,22.0,3
581,A12187703,성산2차현대,아파트,서울특별시 마포구 성암로7길 3,서울,마포구,중동,40-12,분양,282,현대,24789.0,0.0,126.9083577,37.5705091,0.0,1.0,57.0,4.0,29.0,0.0,4.0,4.0,58.0,76.0,6.0,2.0,33.0,3
90,A13882401,문정푸르지오2차,아파트,서울특별시 송파구 송이로32길 37,서울,송파구,문정동,관리사무소,분양,165,(주)대우,12653.0,188.0,127.1270852,37.4867371,0.0,1.0,58.0,2.0,28.0,1.0,4.0,7.0,62.0,77.0,9.0,2.0,31.0,3
2694,A10023858,용산데시앙포레아파트,아파트,서울특별시 용산구 효창원로 227,서울,용산구,효창동,,,384,태영건설,32297.0,465.0,126.962886,37.548159,0.0,0.0,56.0,5.0,24.0,1.0,3.0,4.0,37.0,42.0,5.0,2.0,40.0,3
2239,A13203002,북한산코오롱하늘채,아파트,서울특별시 도봉구 우이천로 367,서울,도봉구,쌍문동,북한산코오롱하늘채아파트,,293,코오롱글로벌(주),21997.0,321.0,127.0240314,37.64788523,0.0,0.0,62.0,4.0,24.0,1.0,2.0,8.0,43.0,38.0,0.0,3.0,43.0,3
548,A15284305,구로새솔금호,아파트,서울특별시 구로구 공원로 35,서울,구로구,구로동,108-2,분양,272,금호건설,19641.0,224.0,126.8900268,37.4999584,0.0,1.0,81.0,2.0,30.0,0.0,5.0,2.0,48.0,50.0,8.0,0.0,44.0,3
1510,A13923108,하계청솔,아파트,서울특별시 노원구 공릉로59길 25,서울,노원구,하계동,,분양,1192,한일개발,58074.0,477.0,127.0712601,37.6323401,1.0,2.0,88.0,3.0,29.0,1.0,4.0,10.0,61.0,45.0,6.0,0.0,30.0,3
2360,A10027157,서울가좌행복주택 ,아파트,서울특별시 마포구 성암로 28,서울,마포구,성산동,,임대,362,진흥개발(주),7020.0,0.0,126.9132522,37.56915017,0.0,1.0,61.0,4.0,29.0,0.0,4.0,4.0,51.0,88.0,6.0,2.0,31.0,3
1390,A13308005,응봉대림1차,아파트,서울특별시 성동구 독서당로62길 43,서울,성동구,응봉동,,분양,855,대림,81623.0,523.0,127.0332766,37.5519496,0.0,2.0,108.0,4.0,13.0,0.0,3.0,4.0,57.0,83.0,3.0,0.0,18.0,3
1360,A13480403,고덕아남,아파트,서울특별시 강동구 양재대로 1706,서울,강동구,고덕동,관리사무소,분양,807,아남건설,64112.0,700.0,127.1467882,37.5579377,0.0,2.0,40.0,4.0,16.0,0.0,4.0,6.0,32.0,106.0,3.0,4.0,14.0,3
1760,A14278101,수유극동아파트,아파트,서울특별시 강북구 인수봉로72길 4,서울,강북구,수유동,553-61,분양,574,동익건설,52772.0,319.0,127.0121448,37.6419306,0.0,1.0,77.0,5.0,21.0,0.0,2.0,6.0,37.0,38.0,0.0,1.0,44.0,3
1128,A13524006,개포2차 현대아파트,아파트,서울특별시 강남구 언주로 107,서울,강남구,개포동,개포2차현대아파트,분양,558,현대산업개발(주),75527.0,500.0,127.0512551,37.4824869,0.0,1.0,60.0,4.0,24.0,0.0,4.0,4.0,29.0,54.0,17.0,0.0,17.0,3
1421,A13881005,가락래미안파크팰리스,아파트,서울특별시 송파구 동남로 225,서울,송파구,가락동,165,분양,919,삼성물산,78446.0,1209.0,127.1321113,37.4981982,0.0,4.0,51.0,3.0,24.0,2.0,3.0,5.0,48.0,87.0,7.0,0.0,25.0,3
163,A12187901,중동계룡,아파트,서울특별시 마포구 월드컵북로38가길 20,서울,마포구,중동,391,분양,180,계룡건설,15003.0,206.0,126.905875,37.5706353,0.0,2.0,55.0,3.0,22.0,0.0,4.0,5.0,52.0,63.0,5.0,0.0,33.0,3
2191,A13922003,중계한화꿈에그린더퍼스트,아파트,서울특별시 노원구 덕릉로83길 9-7,서울,노원구,중계동,606,,283,한화건설(주),26528.0,405.0,127.0742258,37.6592065,0.0,1.0,51.0,5.0,29.0,0.0,4.0,8.0,58.0,71.0,4.0,0.0,30.0,3
206,A13123001,예성그린캐슬아파트,아파트,서울특별시 중랑구 용마산로112가길 34,서울,중랑구,망우동,577,분양,191,예성종합건설,14280.0,193.0,127.1020462,37.597046,0.0,0.0,54.0,4.0,39.0,0.0,3.0,4.0,35.0,36.0,4.0,1.0,28.0,3
1463,A13811206,거여1단지,아파트,서울특별시 송파구 양산로8길 8,서울,송파구,거여동,관리사무소,분양,1004,미주실업주식회사,48410.0,577.0,127.1445317,37.4909438,0.0,1.0,36.0,5.0,27.0,1.0,3.0,7.0,67.0,51.0,3.0,0.0,29.0,3
1746,A13672101,삼선푸르지오아파트,아파트,서울특별시 성북구 보문로29다길 31,서울,성북구,삼선동2가,425번지,분양,864,대우건설(주),74715.0,1126.0,127.0133812,37.5834945,0.0,2.0,58.0,5.0,19.0,1.0,3.0,7.0,36.0,41.0,6.0,2.0,34.0,3
1936,A13613009,꿈의숲푸르지오,아파트,서울특별시 성북구 오패산로16가길 40,서울,성북구,하월곡동,228번지,분양,714,(주)대우건설,49702.0,736.0,127.0390029,37.6107743,0.0,0.0,106.0,4.0,21.0,0.0,3.0,8.0,65.0,62.0,4.0,1.0,33.0,3
2552,A10024827,쌍문e-편한세상아파트,아파트,서울특별시 도봉구 노해로41가길 16,서울,도봉구,쌍문동,,분양,141,,12288.0,168.0,127.027137,37.649907,1.0,1.0,65.0,4.0,28.0,1.0,4.0,6.0,32.0,48.0,3.0,1.0,34.0,3
447,A14381504,광장동금호베스트빌,아파트,서울특별시 광진구 광나루로 579,서울,광진구,광장동,광장동금호베스트빌,분양,242,(주)금호건설,18650.0,250.0,127.0940234,37.5437571,0.0,0.0,55.0,4.0,25.0,0.0,4.0,7.0,60.0,174.0,5.0,1.0,25.0,3
2585,A10024719,힐스테이트신촌,아파트,서울특별시 서대문구 이화여대8길 123,서울,서대문구,북아현동,,,1226,현대건설주식회사,84234.0,1387.0,126.951063,37.562291,1.0,2.0,61.0,4.0,28.0,0.0,4.0,3.0,36.0,39.0,7.0,0.0,21.0,3
2120,A15678103,힐스테이트상도센트럴파크,아파트,서울특별시 동작구 상도로 346-1,서울,동작구,상도동,346-1,분양,1559,현대엠코,134028.0,1559.0,126.9511563,37.4958315,0.0,1.0,68.0,4.0,22.0,0.0,3.0,6.0,57.0,70.0,2.0,0.0,27.0,3
1057,A13985605,중계중앙하이츠,아파트,서울특별시 노원구 덕릉로84길 7,서울,노원구,중계동,161-5,분양,499,중앙산업,40605.0,0.0,127.0764103,37.6591329,0.0,1.0,40.0,5.0,25.0,0.0,3.0,7.0,48.0,75.0,4.0,0.0,25.0,3
1061,A12012101,래미안남가좌2차,아파트,서울특별시 서대문구 수색로6길 43,서울,서대문구,남가좌동,379,분양,503,삼성건설,39733.0,574.0,126.9126716,37.5719992,0.0,1.0,65.0,3.0,36.0,0.0,4.0,4.0,68.0,106.0,7.0,2.0,28.0,3
9,A15809001,신월대방샤인힐,아파트,서울특별시 양천구 신월로9길 37,서울,양천구,신월동,서울 양천구 신월4동 1017,분양,150,대방건설,10679.0,149.0,126.8384999,37.5204711,2.0,0.0,47.0,5.0,30.0,0.0,4.0,6.0,80.0,87.0,4.0,2.0,32.0,3
749,A13406005,둔촌프라자,아파트,서울특별시 강동구 천호대로 1240,서울,강동구,둔촌동,프라자아파트,분양,354,태평양건설,34144.0,542.0,127.1482561,37.535417,0.0,2.0,42.0,5.0,37.0,2.0,3.0,5.0,33.0,57.0,6.0,0.0,13.0,3
2025,A13993901,하계학여울청구A,아파트,서울특별시 노원구 동일로207길 186,서울,노원구,하계동,355,임대,486,청구,15921.0,0.0,127.0634711,37.6338463,1.0,2.0,71.0,2.0,28.0,0.0,6.0,11.0,79.0,44.0,5.0,2.0,26.0,3
1373,A15603205,상도건영,아파트,서울특별시 동작구 만양로 26,서울,동작구,노량진동,414번지,분양,824,(주)건영,71697.0,927.0,126.9497843,37.5071675,1.0,2.0,91.0,3.0,24.0,1.0,3.0,11.0,52.0,68.0,3.0,0.0,44.0,3
1116,A15603003,상도건영제2 관리사무소,아파트,서울특별시 동작구 만양로 26,서울,동작구,상도동,414,임대,552,(주)건영,18106.0,0.0,126.9497857,37.5071696,1.0,2.0,91.0,3.0,24.0,1.0,3.0,11.0,52.0,68.0,3.0,0.0,44.0,3
1005,A13811202,동아효성아파트(거여2단지),아파트,서울특별시 송파구 양산로8길 24,서울,송파구,거여동,관리사무소,분양,478,"동아,효성",58549.0,915.0,127.1462382,37.4903349,0.0,2.0,39.0,5.0,28.0,0.0,3.0,7.0,58.0,49.0,3.0,0.0,28.0,3
1288,A13905302,성원(사슴4),아파트,서울특별시 노원구 마들로3길 37,서울,노원구,월계동,322-1,분양,713,(주)성원건설,35221.0,390.0,127.0630305,37.6297676,1.0,3.0,71.0,4.0,22.0,0.0,4.0,9.0,87.0,31.0,3.0,1.0,25.0,3
2697,A10023829,꿈의숲한신더휴아파트,아파트,,서울,강북구,미아동,,분양,203,한신공영,13622.0,227.0,127.0330112,37.620171,0.0,0.0,93.0,2.0,31.0,1.0,3.0,4.0,34.0,33.0,3.0,3.0,27.0,3
534,A13184301,면목신성은하수,아파트,서울특별시 중랑구 중랑천로 43,서울,중랑구,면목동,1519,분양,266,신성,19802.0,282.0,127.0729702,37.5889278,0.0,1.0,58.0,6.0,23.0,0.0,3.0,6.0,49.0,33.0,3.0,1.0,33.0,3
283,A15807202,신정명지해드는터,아파트,서울특별시 양천구 신목로 43,서울,양천구,신정동,,분양,205,(주)명지건설,18007.0,249.0,126.8723424,37.5188309,0.0,1.0,54.0,3.0,25.0,0.0,4.0,5.0,31.0,305.0,8.0,0.0,29.0,3
1040,A13983712,상계3차현대아파트 ,아파트,서울특별시 노원구 수락산로 234,서울,노원구,상계동,1063번지,분양,494,현대산업개발,41971.0,400.0,127.053546,37.6716416,0.0,1.0,67.0,3.0,26.0,0.0,5.0,10.0,95.0,76.0,7.0,1.0,23.0,3
1822,A15779704,길성그랑프리텔1차,아파트,서울특별시 강서구 강서로46길 79,서울,강서구,내발산동,730번지,분양,194,길성건설(주),15381.0,203.0,126.8393323,37.5520159,0.0,2.0,53.0,3.0,42.0,1.0,4.0,5.0,66.0,187.0,4.0,1.0,35.0,3
1539,A13482706,고덕주공9단지,아파트,서울특별시 강동구 상암로 251,서울,강동구,명일동,257번지,분양,1320,대한주택관리공사,110220.0,670.0,127.1498653,37.54796,0.0,2.0,54.0,3.0,45.0,1.0,4.0,8.0,46.0,205.0,8.0,1.0,21.0,3
977,A13406205,신성둔촌미소지움1차,아파트,서울특별시 강동구 명일로 102,서울,강동구,둔촌동,신성둔촌미소지움아파트 1차,분양,460,주식회사 신성,35078.0,481.0,127.1428107,37.5278063,0.0,2.0,46.0,3.0,40.0,0.0,4.0,2.0,27.0,52.0,4.0,0.0,15.0,3
2448,A10025985,래미안 구의 파크스위트 아파트,아파트,서울특별시 광진구 광나루로 545,서울,광진구,구의동,래미안 구의 파크스위트 아파트,분양,854,삼성물산(주),66074.0,1130.0,127.0906449,37.54504449,0.0,0.0,55.0,4.0,29.0,0.0,3.0,7.0,41.0,179.0,4.0,0.0,32.0,3
921,A13385303,응봉신동아,아파트,서울특별시 성동구 독서당로 375,서울,성동구,응봉동,275,분양,434,신동아건설(주),32040.0,253.0,127.0295611,37.5504195,0.0,2.0,121.0,3.0,22.0,0.0,2.0,5.0,59.0,59.0,5.0,1.0,15.0,3
1786,A12171101,월드컵아이파크1단지,아파트,서울특별시 마포구 모래내로9길 6,서울,마포구,성산동,월드컵아이파크,분양,320,현대산업개발,24839.0,360.0,126.9145216,37.5676304,0.0,1.0,66.0,4.0,20.0,1.0,2.0,7.0,44.0,70.0,5.0,2.0,36.0,3
