apt_code,name,type,road_addr,local1,local2,local3,local4,gene_type,apt_gene,apt_const,apt_area,apt_parking,x,y,car_road,train_n,bus_n,admin,medical,culture,eschool_n,kinder_n,d_center_n,edu_n,bank,mart,convin,cluster
A13309402,금호동롯데아파트,아파트,서울특별시 성동구 동호로 84,서울,성동구,금호동4가,1250,분양,249,롯데건설,21160.0,284.0,127.0170466,37.5469147,7,7.0,20,7,47.0,3,5,8,112.0,3.258096538021482,13.0,7.0,25.0,0
A10023593,신정동 보람쉬움아파트,아파트,,서울,양천구,신정동,,분양,125,"대경,우양,평화 재건축 주택조합",9360.0,126.0,126.855503,37.525512,3,5.0,4,5,55.0,2,4,6,237.0,3.295836866004329,26.0,9.0,37.0,0
A12205001,갈현미미,아파트,서울특별시 은평구 갈현로29길 11,서울,은평구,갈현동,미미아파트,분양,200,(주) 강산건설,16488.0,209.0,126.913541,37.6189819,1,3.0,8,7,57.0,4,4,7,126.0,3.8501476017100575,10.0,10.0,48.0,0
A10024398,래미안 목동아델리체,아파트,서울특별시 양천구 중앙로43길 14,서울,양천구,신정동,,,1497,삼성물산(주),113066.0,2026.0,126.851496,37.518826,4,5.0,4,8,41.0,3,5,3,233.0,3.1780538303479458,19.0,8.0,32.0,0
A15703318,등촌주공11단지,아파트,서울특별시 강서구 공항대로43길 39,서울,강서구,등촌동,705-6번지,임대,350,백일건설,18870.0,292.0,126.8491076,37.559166,2,4.0,8,5,59.0,6,5,6,159.0,4.0943445622221,23.0,5.0,45.0,0
A15788203,화곡중앙하이츠,아파트,서울특별시 강서구 강서로17가길 46,서울,강서구,화곡동,351-89번지,분양,473,중앙건설,29806.0,165.0,126.8437889,37.5355465,6,3.0,0,5,71.0,2,3,7,269.0,2.772588722239781,13.0,8.0,48.0,0
A13984005,월계시영고층,아파트,서울특별시 노원구 마들로 111,서울,노원구,월계동,(월계동),분양,3930,미성.미륭.삼호,201468.0,2055.0,127.0657785,37.6239862,2,9.0,4,7,39.0,1,3,8,229.0,0.6931471805599453,19.0,11.0,31.0,0
A13905101,월계한일1차,아파트,서울특별시 노원구 석계로15길 25,서울,노원구,월계동,926,분양,190,한일건설(주),16330.0,238.0,127.0615753,37.6219737,3,9.0,6,9,25.0,2,4,5,214.0,2.079441541679836,16.0,12.0,23.0,0
A13075402,래미안엘파인,아파트,서울특별시 동대문구 한천로37길 33,서울,동대문구,답십리동,1000,분양,472,삼성물산,38293.0,558.0,127.065374,37.575779,2,1.0,2,4,63.0,3,4,8,164.0,3.6635616461296463,15.0,17.0,41.0,0
A13120003,면목두산6차,아파트,서울특별시 중랑구 답십리로77길 139,서울,중랑구,면목동,,분양,84,두산개발(주),6069.0,84.0,127.0806751,37.57760127,1,4.0,2,9,49.0,5,4,5,165.0,3.091042453358316,10.0,13.0,34.0,0
A15776617,등촌주공6단지,아파트,서울특별시 강서구 화곡로63가길 18,서울,강서구,등촌동,705,임대,559,대한주택공사,23018.0,0.0,126.8484236,37.5594739,2,4.0,14,3,66.0,6,5,6,159.0,4.127134385045092,24.0,5.0,47.0,0
A15782501,강서월드메르디앙,아파트,서울특별시 강서구 공항대로42길 54-26,서울,강서구,내발산동,,분양,160,월드건설,13883.0,247.0,126.843127,37.5568955,1,4.0,4,5,75.0,5,5,6,180.0,4.143134726391533,29.0,6.0,34.0,0
A13820004,가락1차현대아파트 ,아파트,서울특별시 송파구 동남로 160,서울,송파구,문정동,현대아파트,분양,514,현대산업개발,54728.0,257.0,127.1280554,37.4913441,1,9.0,7,5,59.0,3,5,7,175.0,3.737669618283368,26.0,3.0,30.0,0
A13905102,월계대동,아파트,서울특별시 노원구 광운로 46,서울,노원구,월계동,925번지 관리사무소,분양,258,(주)대동,18415.0,237.0,127.0607338,37.6218311,3,9.0,6,10,23.0,2,4,5,218.0,2.19722457733622,15.0,12.0,21.0,0
A15701002,우장산에스케이뷰,아파트,서울특별시 강서구 우현로 26,서울,강서구,화곡동,1158번지,분양,203,,18559.0,265.0,126.8430656,37.5481674,3,3.0,4,7,71.0,3,3,6,221.0,2.5649493574615367,20.0,8.0,32.0,0
A14207201,래미안수유(임대),아파트,서울특별시 강북구 한천로159길 8,서울,강북구,수유동,래미안수유(임대),임대,180,삼성물산,5897.0,126.0,127.0181926,37.6447964,1,5.0,6,9,43.0,4,2,9,126.0,3.4011973816621555,14.0,9.0,44.0,0
A14207202,래미안수유,아파트,서울특별시 강북구 한천로159길 8,서울,강북구,수유동,강북구수유2동730 래미안수유아파트,분양,510,삼성물산주택사업부,42712.0,610.0,127.0181926,37.6447964,1,5.0,6,9,43.0,4,2,9,126.0,3.4011973816621555,14.0,9.0,44.0,0
A13186801,신내다우훼밀리,아파트,서울특별시 중랑구 송림길 16,서울,중랑구,신내동,796번지,분양,152,다우종합건설,11642.0,161.0,127.0971514,37.6060585,4,9.0,9,5,52.0,3,5,8,144.0,4.262679877041316,8.0,9.0,24.0,0
A10024947,백련산 해모로 아파트,아파트,서울특별시 은평구 응암로30길 15,서울,은평구,응암동,,,760,한진중공업(주),50180.0,930.0,126.92186,37.596311,1,4.0,9,7,56.0,3,2,6,203.0,3.555348061489413,15.0,13.0,30.0,0
A15703309,등촌주공5단지,아파트,서울특별시 강서구 공항대로39길 74,서울,강서구,등촌동,695번지,분양,1045,대한주택공사,55884.0,650.0,126.8449392,37.5605195,2,4.0,10,4,75.0,4,5,6,155.0,4.204692619390966,26.0,5.0,34.0,0
A13122001,상봉건영캐스빌,아파트,서울특별시 중랑구 상봉중앙로8길 76,서울,중랑구,상봉동,499번지,분양,467,1,39530.0,531.0,127.0911038,37.6024565,0,8.0,2,6,51.0,4,3,7,180.0,3.4011973816621555,15.0,11.0,38.0,0
A13407002,"명일삼익가든1,2차",아파트,서울특별시 강동구 상암로 224,서울,강동구,명일동,,분양,768,(주)삼익주택,64102.0,654.0,127.1477263,37.5472116,0,4.0,5,7,62.0,6,4,6,158.0,4.189654742026425,17.0,9.0,20.0,0
A13292501,창동현대타운(주복),아파트,서울특별시 도봉구 도봉로114길 22-8,서울,도봉구,창동,,분양,158,현대건설,9492.0,175.0,127.0352336,37.6470839,1,5.0,11,6,46.0,6,4,5,205.0,2.639057329615259,14.0,11.0,31.0,0
A13816202,가락극동,아파트,서울특별시 송파구 동남로18길 9,서울,송파구,가락동,192번지,분양,555,극동건설(주),61628.0,821.0,127.1326936,37.4957046,1,8.0,6,8,43.0,3,4,6,207.0,4.143134726391533,26.0,3.0,24.0,0
A15603001,상도동원베네스트,아파트,서울특별시 동작구 상도로34길 42,서울,동작구,상도동,,분양,162,동원시스템즈(주)/건설,13731.0,185.0,126.9444312,37.5029264,1,7.0,12,6,50.0,3,2,9,146.0,4.04305126783455,18.0,9.0,42.0,0
A13481001,길동우성1차,아파트,서울특별시 강동구 천중로49길 58,서울,강동구,길동,서울강동구 길동 332번지,분양,162,우성건설,13216.0,64.0,127.1445299,37.5432755,0,4.0,2,8,65.0,6,3,6,161.0,3.951243718581428,20.0,9.0,31.0,0
A13905105,월계동현대,아파트,서울특별시 노원구 석계로 49,서울,노원구,월계동,,분양,1281,현대산업개발,104126.0,1469.0,127.0625936,37.6185533,3,8.0,6,10,22.0,2,3,5,216.0,3.295836866004329,18.0,11.0,29.0,0
A15784402,등촌태진아름,아파트,서울특별시 강서구 등촌로53길 39,서울,강서구,등촌동,676,분양,221,태진건설,17448.0,212.0,126.8616805,37.5493953,0,4.0,2,7,51.0,5,4,5,196.0,3.610917912644224,19.0,7.0,37.0,0
A10026046,청광플러스원 아파트,아파트,서울특별시 중랑구 동일로136길 15,서울,중랑구,중화동,,,109,청광종합건설(주),9188.0,123.0,127.0801746,37.60255682,1,10.0,8,6,32.0,1,4,9,156.0,3.367295829986474,15.0,15.0,31.0,0
A13922103,중계3벽산,아파트,서울특별시 노원구 덕릉로77길 5,서울,노원구,중계동,벽산아파트,분양,259,벽산건설,20810.0,294.0,127.0735683,37.654292,1,4.0,3,7,63.0,0,4,6,202.0,5.225746673713202,20.0,6.0,31.0,0
A10023934,엘크루발산아파트,,서울특별시 강서구 강서로56길 44,서울,강서구,등촌동,,임대,252,대우조선해양,4525.0,252.0,126.8412062,37.5591923,1,7.0,14,3,72.0,4,5,6,171.0,4.343805421853684,30.0,6.0,39.0,0
A13380901,브라운스톤금호아파트,아파트,서울특별시 성동구 매봉길 24,서울,성동구,금호동4가,,분양,217,이수건설,18410.0,248.0,127.0154576,37.5468722,6,9.0,18,6,51.0,3,5,8,104.0,3.258096538021482,15.0,7.0,25.0,0
A15881701,목동금강에스쁘아,아파트,서울특별시 양천구 목동중앙본로 15,서울,양천구,목동,목동금강에스쁘아아파트,분양,153,(주)금강종합건설,11861.0,159.0,126.8714021,37.5380526,2,3.0,10,9,45.0,3,4,7,148.0,4.330733340286331,26.0,7.0,24.0,0
A13187501,중화극동,아파트,서울특별시 중랑구 봉화산로27길 32,서울,중랑구,중화동,19번지,분양,156,극동건설,13006.0,160.0,127.0837949,37.6036519,1,10.0,4,7,33.0,1,4,8,180.0,3.1354942159291497,17.0,15.0,26.0,0
A14319011,자양우성1차,아파트,서울특별시 광진구 뚝섬로 569,서울,광진구,자양동,,분양,656,제일은행강동구청주택사업,43140.0,229.0,127.0755843,37.534414,3,4.0,8,4,62.0,1,5,8,114.0,4.04305126783455,19.0,9.0,50.0,0
A15081105,대림코오롱,아파트,서울특별시 영등포구 도영로 2-5,서울,영등포구,대림동,607-1,분양,481,코오롱건설,40052.0,565.0,126.8949211,37.5069364,2,6.0,6,4,47.0,1,4,9,176.0,2.5649493574615367,25.0,22.0,26.0,0
A10024488,꿈의숲아이파크아파트,아파트,서울특별시 성북구 돌곶이로40길 46,서울,성북구,장위동,,,1711,현대산업개발,118062.0,2054.0,127.047983,37.618675,3,4.0,14,7,22.0,2,4,4,178.0,3.258096538021482,9.0,20.0,22.0,0
A13485401,암사동한솔아파트,아파트,서울특별시 강동구 암사19길 25,서울,강동구,암사동,암사동한솔아파트,분양,203,한솔건설,18089.0,251.0,127.1403182,37.5520769,0,4.0,4,7,51.0,5,4,4,180.0,4.304065093204169,17.0,9.0,28.0,0
A15701003,우장산아이파크이편한세상,아파트,서울특별시 강서구 강서로 266,서울,강서구,화곡동,,분양,2517,"현대산업개발, 대림산업",215891.0,3250.0,126.8404024,37.5488035,4,3.0,2,8,69.0,2,3,7,220.0,4.007333185232471,24.0,7.0,35.0,0
A15609501,사당제일,아파트,서울특별시 동작구 사당로16다길 57,서울,동작구,사당동,240-15,분양,296,제일건축,17769.0,187.0,126.96955,37.4829384,2,7.0,5,9,47.0,3,5,4,186.0,3.332204510175204,20.0,8.0,33.0,0
A13780006,반포경남,아파트,,서울,서초구,반포동,경남아파트,분양,1056,경남기업,105707.0,0.0,126.9997628,37.5058321,6,8.0,5,4,33.0,0,4,4,67.0,4.262679877041316,29.0,11.0,11.0,3
A15286802,구로현대상선,아파트,서울특별시 구로구 구일로10길 53,서울,구로구,구로동,,분양,290,현대산업,21836.0,158.0,126.8750782,37.4960424,3,3.0,5,6,38.0,1,1,2,157.0,3.1780538303479458,26.0,14.0,16.0,3
A15381402,독산계룡,아파트,서울특별시 금천구 범안로15길 7,서울,금천구,독산동,,분양,154,계룡건설,11034.0,160.0,126.8927936,37.4671531,5,2.0,9,3,37.0,3,2,3,133.0,2.70805020110221,20.0,13.0,46.0,3
A15286809,구로주공,아파트,서울특별시 구로구 구일로4길 65,서울,구로구,구로동,685-222~3,분양,2126,대한주택공사,142048.0,1200.0,126.8755006,37.4935926,3,5.0,8,5,36.0,1,1,3,150.0,3.218875824868201,26.0,14.0,18.0,3
A14319002,자양한강극동,아파트,서울특별시 광진구 능동로3길 53,서울,광진구,자양동,57-103,분양,158,극동건설주식회사,13343.0,160.0,127.0644764,37.5336956,2,4.0,0,3,47.0,2,2,5,86.0,2.70805020110221,24.0,15.0,32.0,3
A10027354,올림픽파크한양수자인,아파트,,서울특별시,강동구,성내동,성내올림픽파크한양수자인아파트,,482,(주)한양,38643.0,583.0,127.128374,37.526798,1,8.0,4,5,44.0,2,2,3,123.0,3.555348061489413,25.0,5.0,35.0,3
A13316001,서울숲아이파크,아파트,서울특별시 성동구 동일로 237,서울,성동구,송정동,서울숲아이파크,,241,현대산업개발,20757.0,286.0,127.0688097,37.5525834,3,7.0,8,4,20.0,2,3,4,94.0,2.4849066497880004,29.0,12.0,38.0,3
A10023665,우림 루미아트,아파트,,서울,마포구,망원동,,분양,119,우림건설,8786.0,117.0,126.90111,37.5597,3,3.0,14,4,25.0,3,2,1,108.0,3.258096538021482,12.0,14.0,51.0,3
A13079403,이문쌍용임대,아파트,서울특별시 동대문구 한천로58길 75-45,서울,동대문구,이문동,64-1,임대,245,쌍용건설,7438.0,0.0,127.0679412,37.6017621,1,8.0,4,3,35.0,1,2,2,146.0,2.995732273553991,14.0,15.0,26.0,3
A15876402,신정삼성SH임대,아파트,서울특별시 양천구 신목로 5,서울,양천구,신정동,1278-1,임대,506,서울주택도시공사,16577.0,177.0,126.8762766,37.5171091,4,5.0,2,3,25.0,2,3,2,140.0,4.204692619390966,26.0,17.0,21.0,3
A10023673,반포 르엘 아파트,아파트,서울특별시 서초구 신반포로23길 23,서울,서초구,잠원동,,,596,롯데건설,54606.0,1054.0,127.002832,37.507594,6,7.0,7,4,34.0,0,3,4,73.0,4.499809670330265,27.0,11.0,12.0,3
A13312302,성수롯데캐슬,아파트,서울특별시 성동구 성수일로8길 47,서울,성동구,성수동2가,성수롯데캐슬파크,분양,604,롯데건설(주),57821.0,884.0,127.0559785,37.5460554,3,5.0,9,4,37.0,2,3,3,86.0,1.9459101490553128,28.0,13.0,36.0,3
A13824006,잠실파크리오,아파트,서울특별시 송파구 올림픽로 435,서울,송파구,신천동,파크리오,분양,6864,6개 시공사,597298.0,9486.0,127.1093216,37.5212508,2,7.0,4,3,53.0,2,3,2,114.0,3.4011973816621555,28.0,11.0,20.0,3
A13082805,이문e-편한세상,아파트,서울특별시 동대문구 한천로63길 10,서울,동대문구,이문동,,분양,1378,대림산업(주),114463.0,1616.0,127.0648775,37.6047456,2,9.0,1,5,28.0,1,2,3,133.0,2.995732273553991,13.0,14.0,22.0,3
A15885306,신정쌍용,아파트,서울특별시 양천구 신목로 9,서울,양천구,신정동,,분양,270,쌍용건설,22853.0,180.0,126.8758354,37.5181035,4,5.0,5,3,26.0,2,2,2,139.0,4.454347296253507,29.0,17.0,22.0,3
A15009505,문래두산위브,아파트,서울특별시 영등포구 선유로9나길 8,서울,영등포구,문래동5가,14번지,분양,383,두산건설,27231.0,350.0,126.8858207,37.5168776,3,8.0,8,1,33.0,1,3,2,143.0,2.995732273553991,18.0,19.0,30.0,3
A15728004,마곡수명산파크2단지,아파트,서울특별시 강서구 강서로47길 158,서울,강서구,내발산동,발산택지개발지구,,629,"두산, 이수건설",46505.0,710.0,126.8318783,37.5565695,2,5.0,0,2,72.0,2,2,2,151.0,3.555348061489413,22.0,6.0,37.0,3
A13776510,반포힐스테이트,아파트,서울특별시 서초구 신반포로16길 15-20,서울,서초구,반포동,반포힐스테이트,분양,397,(주)현대건설,42873.0,699.0,126.9968046,37.5012624,6,7.0,11,5,18.0,0,4,4,70.0,3.295836866004329,38.0,7.0,18.0,3
A13382106,성수동아,아파트,서울특별시 성동구 왕십리로 80-1,서울,성동구,성수동1가,,분양,390,동아주택,29315.0,320.0,127.0454954,37.5442259,2,5.0,7,6,21.0,2,2,3,63.0,2.8903717578961645,19.0,13.0,44.0,3
A15286806,중앙구로하이츠,아파트,서울특별시 구로구 구일로8길 92,서울,구로구,구로동,685-124 중앙구로하이츠 관리사무소,분양,579,(주)중앙개발,42918.0,408.0,126.8762765,37.4968215,2,2.0,3,7,42.0,1,1,2,163.0,2.9444389791664403,26.0,15.0,19.0,3
A10025116,e편한세상독산더타워아파트,아파트,서울특별시 금천구 범안로 1212,서울,금천구,독산동,,분양,432,대림산업,28706.0,449.0,126.896182,37.465826,5,2.0,5,4,40.0,3,2,3,151.0,2.833213344056216,19.0,12.0,46.0,3
A15205108,구일우성아파트,아파트,서울특별시 구로구 구일로2길 60,서울,구로구,구로동,구일우성아파트,분양,829,(주)우성건설,66439.0,0.0,126.8769093,37.4902883,4,4.0,7,5,37.0,0,2,4,137.0,2.5649493574615367,30.0,13.0,18.0,3
A15286807,구로현대연예인,아파트,서울특별시 구로구 구일로4길 46,서울,구로구,구로동,현대연예인아파트,분양,735,현대산업개발(주),56658.0,680.0,126.8771082,37.4929871,3,5.0,6,5,37.0,1,1,4,158.0,2.833213344056216,28.0,14.0,21.0,3
A10023951,광진그랜드파크,아파트,서울특별시 광진구 광나루로 458,서울,광진구,구의동,,분양,730,디엘이앤씨,69744.0,1033.0,127.0757555,37.544273,2,5.0,1,4,43.0,1,2,3,133.0,1.6094379124341005,32.0,11.0,34.0,3
A13402204,강변그대가리버뷰,아파트,서울특별시 강동구 올림픽로89길 58,서울,강동구,천호동,568569,분양,225,임광토건(주),19118.0,265.0,127.1233659,37.5483376,4,3.0,0,6,49.0,1,2,2,111.0,2.639057329615259,12.0,8.0,44.0,3
A10026197,문래동모아미래도아파트,아파트,서울특별시 영등포구 선유로9나길 5,서울,영등포구,문래동5가,문래동5가 문래동모아미래도아파트,,222,미래도건설,18399.0,251.0,126.8867198,37.51727072,3,8.0,9,1,35.0,1,3,1,146.0,3.1354942159291497,18.0,19.0,30.0,3
A10024925,문래롯데캐슬아파트,아파트,서울특별시 영등포구 선유로9길 30,서울,영등포구,문래동6가,,임대,499,롯데건설(주),28228.0,,126.8848656,37.51840229,3,8.0,8,1,32.0,2,3,2,135.0,2.995732273553991,25.0,18.0,30.0,3
A12187904,DMC마포청구아파트,아파트,서울특별시 마포구 성암로11길 60,서울,마포구,중동,390,분양,420,청구건설,35638.0,1.0,126.9020362,37.5740861,1,8.0,8,4,32.0,3,2,2,157.0,1.791759469228055,20.0,12.0,20.0,3
A14085002,원효산호,아파트,서울특별시 용산구 원효로 66,서울,용산구,원효로4가,118-16,분양,554,한양건설,46298.0,0.0,126.9503821,37.5327172,3,9.0,8,6,29.0,1,2,4,80.0,2.639057329615259,27.0,13.0,18.0,3
A15288804,신도림우성3차,아파트,서울특별시 구로구 신도림로21길 25,서울,구로구,신도림동,637번지,분양,284,우성건설,24070.0,181.0,126.8843198,37.5130829,3,6.0,5,3,31.0,1,2,2,149.0,3.1780538303479458,20.0,22.0,23.0,3
A13009101,휘경롯데낙천대,아파트,서울특별시 동대문구 외대역동로1길 24,서울,동대문구,휘경동,109,분양,239,(주)롯데건설,21792.0,329.0,127.063941,37.5917499,0,6.0,4,5,41.0,3,1,3,126.0,2.833213344056216,11.0,18.0,31.0,3
A13784401,방배브라운가,아파트,서울특별시 서초구 방배로19길 67,서울,서초구,방배동,,분양,161,흥화공업(주),15462.0,218.0,126.9919326,37.4835259,4,6.0,6,7,48.0,1,3,3,91.0,3.828641396489095,30.0,5.0,27.0,3
A15286805,구로한신1차,아파트,서울특별시 구로구 구일로8길 63,서울,구로구,구로동,642-9,분양,488,한신공영,21896.0,126.0,126.8737607,37.4963839,4,3.0,8,4,36.0,1,2,2,165.0,2.833213344056216,26.0,14.0,14.0,3
A15010203,양평벽산,아파트,서울특별시 영등포구 선유서로21길 19,서울,영등포구,양평동2가,23,분양,417,한국건업,24913.0,400.0,126.883568,37.5221895,3,6.0,6,1,40.0,1,2,4,119.0,2.3978952727983707,26.0,19.0,37.0,3
A15010202,양평삼성래미안,아파트,서울특별시 영등포구 영등포로3길 9,서울,영등포구,양평동2가,"양평동2가, 삼성아파트",분양,388,삼성물산,30974.0,87.0,126.882579,37.5244017,3,6.0,4,1,41.0,1,2,4,129.0,2.9444389791664403,29.0,19.0,33.0,3
A15876401,서울주택도시공사 목동현대B 임대아파트,아파트,서울특별시 양천구 신목로 10,서울,양천구,신정동,1279-1,임대,564,현대건설,18477.0,0.0,126.8766622,37.5181305,4,5.0,3,2,26.0,2,2,2,134.0,4.31748811353631,28.0,17.0,24.0,3
A13077702,휘경 미소지움아파트,아파트,서울특별시 동대문구 망우로 105,서울,동대문구,휘경동,106번지,분양,345,신성건설,26182.0,401.0,127.0644927,37.5915179,0,6.0,5,5,40.0,3,1,3,130.0,2.772588722239781,11.0,18.0,29.0,3
A13528004,대치미도맨션,아파트,서울특별시 강남구 삼성로 150,서울,강남구,대치동,서울시 강남구 대치2동 511번지 미도아파트관리사무소,분양,2436,한보주택(주),300675.0,2997.0,127.067338,37.4933854,3,9.0,1,4,42.0,2,3,3,81.0,4.394449154672439,34.0,8.0,16.0,3
A15010201,양평상록수,아파트,서울특별시 영등포구 영등포로 17,서울,영등포구,양평동2가,,,176,(주)건영,8292.0,80.0,126.8835422,37.5237845,4,6.0,5,1,37.0,1,2,4,134.0,2.4849066497880004,29.0,19.0,34.0,3
A13384301,한양현대아파트,아파트,서울특별시 성동구 상원1길 17,서울,성동구,성수동1가,"(성수동1가, 한양현대아파트)",분양,168,현대건설(주),12404.0,168.0,127.0479977,37.5455297,2,5.0,6,6,27.0,2,2,3,63.0,2.9444389791664403,23.0,13.0,47.0,3
A13812001,마천금호어울림2차,아파트,서울특별시 송파구 성내천로 314,서울,송파구,마천동,319번지,분양,173,금호건설,14980.0,210.0,127.1557137,37.4930747,0,2.0,6,5,32.0,2,1,2,100.0,2.5649493574615367,4.0,1.0,11.0,1
A15101901,신림금호타운1차,아파트,서울특별시 관악구 대학18길 9,서울,관악구,신림동,금호타운1차아파트,분양,227,금호건설주식회사,16149.0,186.0,126.9376896,37.4651363,1,2.0,5,3,21.0,1,3,3,52.0,1.791759469228055,3.0,4.0,23.0,1
A41279921,은평뉴타운구파발9단지1관리,아파트,서울특별시 은평구 진관3로 67,서울,은평구,진관동,22,임대,1022,삼성물산,77068.0,1186.0,126.9192866,37.6381577,1,2.0,13,1,26.0,3,2,2,91.0,4.02535169073515,6.0,2.0,16.0,1
A10024620,인왕산어울림 아파트,,,서울,서대문구,홍제동,,분양,123,금호건설,15679.0,243.0,126.95112,37.583841,4,3.0,7,2,29.0,4,2,4,67.0,2.9444389791664403,6.0,1.0,8.0,1
A10023560,서대문푸르지오센트럴파크,아파트,서울특별시 서대문구 통일로 339,서울,서대문구,홍제동,,,832,(주)대우건설,53831.0,1050.0,126.9503248,37.5815054,4,3.0,8,3,25.0,5,2,4,60.0,2.639057329615259,6.0,1.0,8.0,1
A10023565,개포6차우성아파트,아파트,서울특별시 강남구 언주로 3,서울,강남구,개포동,,분양,270,우성건설,20204.0,262.0,127.05721,37.476763,1,2.0,5,3,16.0,2,3,3,55.0,2.4849066497880004,23.0,4.0,4.0,1
A12078201,인왕산현대,아파트,서울특별시 서대문구 통일로34길 46,서울,서대문구,홍제동,460-1,임대,246,,8037.0,,126.9516215,37.5838257,4,3.0,6,2,25.0,4,2,4,64.0,2.9444389791664403,6.0,1.0,8.0,1
A10025765,은평스카이뷰자이아파트,아파트,서울특별시 은평구 통일로 1034,서울,은평구,진관동,아파트 관리사무소,분양,361,GS 건설,30520.0,454.0,126.9175985,37.63528526,1,2.0,16,2,25.0,4,1,1,101.0,3.9889840465642745,6.0,2.0,12.0,1
A13594203,푸른마을아파트,아파트,,서울,강남구,일원동,푸른마을아파트,분양,930,"삼성종합건설(주), (주)삼호건설",67256.0,691.0,127.0813262,37.4846837,2,4.0,8,2,33.0,2,3,3,61.0,2.5649493574615367,11.0,1.0,10.0,1
A12009304,홍제유원하나,아파트,서울특별시 서대문구 세검정로 134,서울,서대문구,홍제동,454,,554,유원건설,45055.0,444.0,126.9523764,37.5951028,3,2.0,7,3,27.0,2,3,3,70.0,2.70805020110221,5.0,2.0,9.0,1
A12009001,홍제유원하나제2,아파트,서울특별시 서대문구 세검정로 134,서울,서대문구,홍제동,454,임대,150,유원건설,4307.0,0.0,126.9523764,37.5951028,3,2.0,7,3,27.0,2,3,3,70.0,2.70805020110221,5.0,2.0,9.0,1
A13176102,중랑해모로,아파트,서울특별시 중랑구 양원역로6가길 19,서울,중랑구,망우동,578,분양,174,(주) 한진중공업,16087.0,230.0,127.1101282,37.6027085,3,3.0,4,3,17.0,4,2,3,82.0,2.19722457733622,5.0,7.0,5.0,1
A12220004,은평뉴타운상림마을12단지,아파트,서울특별시 은평구 진관3로 70,서울,은평구,진관동,20번지,,551,(주)롯데건설,41086.0,658.0,126.9219731,37.6411039,1,2.0,3,2,28.0,3,2,3,80.0,3.295836866004329,6.0,2.0,10.0,1
A15210211,오류금강수목원,아파트,서울특별시 구로구 오리로 1197,서울,구로구,오류동,,분양,620,금강주택,44712.0,630.0,126.8323205,37.4882645,3,4.0,8,3,10.0,3,3,3,84.0,1.6094379124341005,6.0,4.0,10.0,1
A10023952,중랑숲시티프라디움,아파트,서울특별시 중랑구 양원역로10길 47,서울,중랑구,망우동,,,403,"(주)시티건설, 삼부토건(주)",21725.0,412.0,127.108403,37.607621,3,3.0,1,3,16.0,3,3,2,104.0,1.9459101490553128,4.0,8.0,4.0,1
A12220005,은평뉴타운상림마을1단지,아파트,서울특별시 은평구 진관4로 17,서울,은평구,진관동,19,,707,삼환기업,48889.0,883.0,126.9227727,37.6415577,1,2.0,3,2,27.0,3,2,3,80.0,3.258096538021482,6.0,2.0,10.0,1
A13523004,일원샘터마을,아파트,서울특별시 강남구 일원로 120,서울,강남구,일원동,서울특별시 강남구 일원본동 718,분양,628,극동건설/현대건설,73765.0,0.0,127.0826162,37.484274,2,3.0,10,3,32.0,2,2,3,64.0,2.4849066497880004,11.0,1.0,7.0,1
A15780701,가양중앙하이츠,아파트,서울특별시 강서구 허준로 55-20,서울,강서구,가양동,1467,분양,164,중앙건설(주),19655.0,324.0,126.8492901,37.5698077,2,2.0,4,2,25.0,4,2,5,81.0,1.3862943611198906,11.0,3.0,9.0,1
A15809702,신월신안파크,아파트,서울특별시 양천구 지양로15길 20,서울,양천구,신월동,350-2,분양,485,신안건설산업(주),27940.0,0.0,126.8295859,37.5233774,6,0.0,4,4,15.0,2,1,2,152.0,1.9459101490553128,6.0,5.0,15.0,1
A13876112,송파파인타운13단지,아파트,서울특별시 송파구 송파대로8길 10,서울,송파구,장지동,857,분양,197,양우건설(주),16720.0,225.0,127.1291789,37.4768967,2,4.0,5,1,18.0,2,1,5,102.0,2.5649493574615367,12.0,2.0,9.0,1
A13201209,도봉한신,아파트,서울특별시 도봉구 마들로 859-19,서울,도봉구,도봉동,도봉한신아파트,분양,2678,한신공영,227290.0,2462.0,127.0480587,37.6857192,3,4.0,4,3,13.0,1,2,5,80.0,2.772588722239781,4.0,2.0,13.0,1
A13523005,일원목련타운,아파트,서울특별시 강남구 광평로19길 15,서울,강남구,일원동,716번지,분양,650,금호.진로,75340.0,963.0,127.0842628,37.4852093,2,3.0,9,3,33.0,2,2,3,62.0,2.5649493574615367,9.0,1.0,11.0,1
A13610004,정릉산장,아파트,서울특별시 성북구 보국문로 167,서울,성북구,정릉동,780,분양,264,광산건설,14782.0,160.0,127.0021957,37.6167473,1,2.0,7,3,9.0,1,2,3,91.0,1.0986122886681096,5.0,14.0,12.0,1
A12127005,상암월드컵파크7단지,아파트,서울특별시 마포구 상암산로1길 92,서울,마포구,상암동,1660,분양,733,진흥기업,65367.0,918.0,126.8812087,37.5819338,3,1.0,9,2,11.0,3,2,3,60.0,3.295836866004329,10.0,4.0,15.0,1
A10026414,은평뉴타운솔하임,주상복합,서울특별시 은평구 통일로 1080,서울,은평구,진관동,지하 1층,분양,260,(주)삼전건설,8219.0,482.0,126.9175305,37.63923349,1,2.0,7,1,26.0,3,2,2,77.0,3.87120101090789,6.0,2.0,14.0,1
A10023732,에드가 쌍문 청년주택,아파트,서울특별시 도봉구 삼양로 602,서울,도봉구,쌍문동,,임대,253,(주)세정건설,6392.0,112.0,127.0136945,37.6565952,0,3.0,10,2,13.0,3,2,3,82.0,2.3978952727983707,2.0,5.0,14.0,1
A13983811,수락산벨리체아파트,아파트,서울특별시 노원구 동일로250길 18,서울,노원구,상계동,노원구 상계1동 1265번지,분양,492,"미주실업,동방티앤씨",60505.0,1.0,127.0565963,37.6816146,3,4.0,5,2,15.0,1,1,4,120.0,1.791759469228055,4.0,2.0,12.0,1
A14380605,광장신동아파밀리에,아파트,서울특별시 광진구 아차산로 599,서울,광진구,광장동,250,분양,302,신동아건설,25575.0,353.0,127.1043531,37.5467753,5,2.0,15,1,7.0,2,3,4,87.0,2.4849066497880004,11.0,6.0,9.0,1
A13821005,송파파인타운10단지,아파트,서울특별시 송파구 송파대로8길 20,서울,송파구,장지동,856 번지,,545,중앙건설,30048.0,552.0,127.1298646,37.4772989,2,4.0,5,1,18.0,2,2,5,104.0,2.4849066497880004,12.0,2.0,9.0,1
A10026249,송파레미니스2단지,아파트,서울특별시 송파구 동남로 341,서울,송파구,오금동,,,818,"한신공영(주), 한양산업개발(주",47420.0,886.0,127.1380513,37.50639813,1,7.0,7,2,13.0,3,3,2,109.0,2.4849066497880004,16.0,2.0,10.0,1
A10027136,도봉숲 아뜨리움,아파트,서울특별시 도봉구 도봉로167길 38,서울,도봉구,도봉동,도봉숲아뜨리움 지하1층 관리사무소,분양,172,성보건설산업(주),9248.0,165.0,127.0430955,37.67819466,3,5.0,14,2,19.0,1,2,3,137.0,1.0986122886681096,9.0,2.0,23.0,1
A13522007,수서까치마을,아파트,서울특별시 강남구 광평로19길 10,서울,강남구,수서동,746번지,분양,1403,진흥기업,57555.0,552.0,127.0877692,37.4847039,2,4.0,3,3,33.0,2,2,4,53.0,2.302585092994046,12.0,0.0,7.0,1
A13974101,수락리버시티 4단지,아파트,서울특별시 노원구 누원로 18,서울,노원구,상계동,수락리버시티4단지,,548,한신공영,33286.0,581.0,127.0537182,37.6860425,3,4.0,4,2,16.0,1,2,4,76.0,2.5649493574615367,4.0,2.0,8.0,1
A13821007,송파파인타운9단지,아파트,서울특별시 송파구 송파대로8길 17,서울,송파구,장지동,843번지,,796,신일산업,38577.0,822.0,127.1287418,37.4782198,2,4.0,6,1,21.0,2,2,5,108.0,2.8903717578961645,12.0,2.0,12.0,1
A12009203,홍제무악청구1차,아파트,서울특별시 서대문구 통일로 348,서울,서대문구,홍제동,관리사무소,분양,862,(주)청구,73080.0,760.0,126.9520597,37.5819293,4,3.0,7,3,23.0,5,2,3,54.0,2.639057329615259,7.0,1.0,8.0,1
A12085303,홍제한양,아파트,서울특별시 서대문구 통일로25길 30,서울,서대문구,홍제동,홍제한양아파트 관리사무소,분양,998,?양건설,76612.0,835.0,126.9475449,37.5830058,4,3.0,7,2,36.0,5,2,4,71.0,2.8903717578961645,6.0,2.0,13.0,1
A15383307,독산한신,아파트,서울특별시 금천구 한내로 62,서울,금천구,독산동,,분양,1000,한신공영,101038.0,841.0,126.8893489,37.4555624,3,2.0,11,1,13.0,1,2,2,88.0,3.295836866004329,12.0,6.0,10.0,1
A15101702,관악산휴먼시아3단지,아파트,서울특별시 관악구 난곡로 63,서울,관악구,신림동,1735-2 ,임대,512,양우건설,20388.0,362.0,126.918575,37.4605825,1,0.0,4,2,8.0,5,1,1,149.0,2.639057329615259,2.0,8.0,6.0,1
A10024532,북한산두산위브2차,아파트,서울특별시 서대문구 홍은중앙로1길 100,서울,서대문구,홍은동,,분양,296,두산건설(주),17548.0,267.0,126.944439,37.600043,2,2.0,2,4,20.0,1,2,3,92.0,1.791759469228055,8.0,9.0,13.0,1
A13293505,도봉래미안,아파트,서울특별시 도봉구 도봉로170길 40,서울,도봉구,도봉동,서울시 도봉구 도봉로 170길 40,분양,448,삼성물산(주)건설부문,35282.0,489.0,127.0462651,37.6796389,3,5.0,8,3,24.0,1,1,5,123.0,0.6931471805599453,8.0,2.0,25.0,1
A13006002,제기현대,아파트,서울특별시 동대문구 정릉천동로 90,서울,동대문구,제기동,892-66,분양,261,현대건설,20591.0,303.0,127.0357839,37.5799573,1,11.0,6,5,127.0,3,3,2,109.0,2.3978952727983707,27.0,24.0,29.0,2
A10023788,더플레이스충정로 ,도시형 생활주택(아파트),서울특별시 중구 중림로 21,서울,중구,중림동,,임대,276,(주)cj건설,5040.0,,126.9660682,37.55898079,10,12.0,6,4,64.0,7,3,1,255.0,1.6094379124341005,74.0,14.0,35.0,2
A13086101,제기안암골벽산,아파트,서울특별시 동대문구 약령시로 25,서울,동대문구,제기동,서울 동대문구 제기동 153,분양,640,벽산건설,59921.0,896.0,127.032346,37.5835133,1,12.0,7,5,110.0,4,2,3,84.0,2.3978952727983707,27.0,29.0,37.0,2
A10085903,중림삼성사이버빌리지,아파트,서울특별시 중구 중림로 10,서울,중구,중림동,200,분양,712,삼성물산,61803.0,890.0,126.9653021,37.5581126,10,12.0,5,5,57.0,7,3,2,262.0,1.6094379124341005,67.0,14.0,32.0,2
A12070201,충정리시온,주상복합,서울특별시 서대문구 서소문로 27,서울,서대문구,충정로3가,충정리시온,분양,258,대림,10871.0,253.0,126.9651045,37.5604168,10,12.0,15,5,62.0,8,3,1,258.0,1.791759469228055,74.0,14.0,33.0,2
A15003001,영등포두산위브,아파트,서울특별시 영등포구 신길로60나길 9,서울,영등포구,영등포동,649번지,분양,271,두산건설(주),21651.0,304.0,126.912262,37.5143305,4,10.0,2,10,60.0,5,2,2,136.0,1.9459101490553128,32.0,24.0,40.0,2
A13006001,제기경동미주,아파트,서울특별시 동대문구 정릉천동로 80,서울,동대문구,제기동,892-68,분양,228,라이프주택,17466.0,168.0,127.0355,37.5792417,2,12.0,5,5,122.0,3,2,2,105.0,2.079441541679836,28.0,25.0,28.0,2
A10023188,청량리역 한양수자인 그라시엘,,,서울,동대문구,용두동,,분양,1152,한양건설,98114.0,1381.0,127.0430027,37.577315,0,9.0,5,8,116.0,4,1,1,115.0,1.791759469228055,26.0,21.0,35.0,2
A13070302,래미안용두1차,아파트,서울특별시 동대문구 고산자로29길 18,서울,동대문구,용두동,792-1,임대,210,삼성건설,8387.0,215.0,127.0369774,37.5763303,2,13.0,11,7,118.0,3,2,2,123.0,1.791759469228055,31.0,23.0,29.0,2
A13070301,래미안허브리츠,아파트,서울특별시 동대문구 정릉천동로 36,서울,동대문구,용두동,792번지,분양,844,삼성물산,71612.0,2416.0,127.035661,37.5755,2,13.0,5,6,109.0,3,2,2,116.0,2.5649493574615367,32.0,26.0,31.0,2
A15003701,영등포경남아너스빌,아파트,서울특별시 영등포구 양산로 177,서울,영등포구,영등포동7가,서울시 영등포구 영등포동7가 46-1,분양,600,경남건설,49162.0,706.0,126.9027167,37.5239709,5,10.0,6,5,70.0,3,2,5,123.0,2.70805020110221,34.0,23.0,58.0,2
A10023389,청량리역해링턴플레이스,아파트,,서울,동대문구,용두동,,,220,효성중공업(주),18189.0,267.0,127.0424625,37.5783497,0,10.0,6,8,116.0,4,1,1,109.0,1.3862943611198906,25.0,21.0,35.0,2
A13007002,용두롯데캐슬피렌체,아파트,서울특별시 동대문구 정릉천동로 58,서울,동대문구,용두동,790번지,분양,435,롯데건설,23413.0,479.0,127.0360455,37.5771878,2,13.0,7,6,119.0,3,3,2,114.0,1.791759469228055,31.0,25.0,30.0,2
A10024567,포레나영등포센트럴아파트,주상복합,서울특별시 영등포구 국회대로50길 20,서울,영등포구,영등포동7가,,분양,185,(주)한화건설,13640.0,326.0,126.905671,37.523206,4,10.0,7,5,63.0,3,2,4,121.0,2.4849066497880004,39.0,23.0,57.0,2
A10027105,경희궁자이3단지,주상복합,서울특별시 종로구 경교장길 35,서울,종로구,평동,경희궁자이3단지,분양,589,자이건설(주),45327.0,734.0,126.9651711,37.56885493,10,9.0,17,4,48.0,8,4,2,219.0,3.218875824868201,87.0,11.0,33.0,2
A13579503,역삼2차아이파크,아파트,서울특별시 강남구 도곡로57길 12,서울,강남구,역삼동,역삼2차아이파크아파트,분양,150,현대산업개발(주),13091.0,200.0,127.0520538,37.4967427,3,9.0,6,5,92.0,2,3,4,66.0,5.808142489980444,81.0,9.0,55.0,2
A10026852,래미안강동팰리스,아파트,서울특별시 강동구 천호대로 1077,서울,강동구,천호동,"(천호동, 래미안강동팰리스)",분양,999,삼성물산,79937.0,1200.0,127.1314315,37.53725648,2,8.0,4,10,118.0,3,1,1,199.0,2.5649493574615367,29.0,5.0,67.0,2
A10085902,중림삼성래미안아파트,아파트,서울특별시 중구 중림로4길 41,서울,중구,중림동,201번지,임대,355,삼성물산(주),11214.0,253.0,126.9643574,37.5573531,10,12.0,3,7,52.0,5,4,2,131.0,1.6094379124341005,62.0,16.0,28.0,2
A15072002,당산SHVILLE,아파트,서울특별시 영등포구 영신로 183,서울,영등포구,당산동3가,562번지,임대,195,두산건설,15597.0,214.0,126.9015338,37.5242149,5,9.0,6,5,73.0,3,2,6,123.0,2.8903717578961645,35.0,23.0,61.0,2
A13006003,제기이수브라운스톤,아파트,서울특별시 동대문구 왕산로23길 89,서울,동대문구,제기동,이수브라운스톤,분양,299,이수건설,24874.0,332.0,127.0339745,37.5823765,1,12.0,2,4,127.0,4,2,2,86.0,2.3978952727983707,29.0,23.0,36.0,2
A15080205,당산동부센트레빌,아파트,서울특별시 영등포구 영신로 191,서울,영등포구,당산동3가,동부센트레빌,분양,468,동부건설,49404.0,749.0,126.900447,37.5244575,5,9.0,5,4,72.0,3,2,6,129.0,2.995732273553991,35.0,23.0,60.0,2
A13707203,풍림아이원플러스,주상복합,서울특별시 서초구 효령로77길 14,서울,서초구,서초동,풍림아이원플러스,분양,200,풍림산업,6910.0,194.0,127.029525,37.4903649,4,8.0,13,6,97.0,1,3,4,71.0,4.477336814478207,88.0,3.0,80.0,2
A13080401,신답극동아파트,아파트,서울특별시 동대문구 서울시립대로 5,서울,동대문구,답십리동,464-1 신답극동아파트관리사무소,분양,225,극동건설,15471.0,145.0,127.0441344,37.5726992,0,14.0,7,7,78.0,3,2,3,125.0,2.4849066497880004,32.0,21.0,28.0,2
A10026816,아크로타워스퀘어,아파트,서울특별시 영등포구 국회대로54길 10,서울,영등포구,영등포동7가,,,1221,대림산업,89163.0,1530.0,126.9083065,37.52293523,4,12.0,2,5,54.0,3,2,3,121.0,2.302585092994046,46.0,23.0,52.0,2
A10024815,롯데캐슬리베아파트,아파트,서울특별시 강남구 도곡로 404,서울,강남구,대치동,,분양,144,,17437.0,270.0,127.053809,37.496298,2,9.0,8,4,79.0,2,3,4,66.0,5.8971538676367405,82.0,9.0,53.0,2
A15004101,당산신동아파밀리에,아파트,서울특별시 영등포구 영신로33길 3,서울,영등포구,당산동1가,457 (우;150-041),분양,167,신동아건설,10789.0,171.0,126.9003963,37.519805,5,8.0,6,5,74.0,2,3,3,149.0,2.4849066497880004,30.0,23.0,58.0,2
A10027951,공덕자이(임대),아파트,서울특별시 마포구 마포대로26길 22,서울,마포구,아현동,22 공덕자이 임대아파트,임대,201,GS자이 건설,7316.0,141.0,126.958866,37.55466882,7,14.0,5,6,50.0,4,3,1,142.0,3.4657359027997265,44.0,17.0,28.0,2
A10026881,서울역센트럴자이아파트,아파트,서울특별시 중구 만리재로 175,서울,중구,만리동2가,서울특별시 중구 만리재로175,,1341,GS건설주식회사,91297.0,1547.0,126.9630956,37.55460908,9,13.0,4,6,51.0,4,3,2,146.0,2.639057329615259,61.0,16.0,30.0,2
A10023858,용산데시앙포레아파트,아파트,서울특별시 용산구 효창원로 227,서울,용산구,효창동,,,384,태영건설,32297.0,465.0,126.962886,37.548159,6,16.0,5,8,52.0,3,3,4,152.0,2.9444389791664403,38.0,16.0,31.0,2
A12119007,창전삼성,아파트,서울특별시 마포구 서강로 95,서울,마포구,창전동,437,분양,640,삼성물산(주)건설부분,55576.0,645.0,126.9306956,37.5509952,4,11.0,21,7,56.0,2,2,2,83.0,4.04305126783455,33.0,17.0,47.0,2
A13592706,역삼래미안,아파트,서울특별시 강남구 선릉로69길 19,서울,강남구,역삼동,역삼래미안아파트,분양,1050,삼성물산,69466.0,1053.0,127.050065,37.4975233,3,9.0,4,4,93.0,2,3,4,68.0,5.7899601708972535,87.0,9.0,58.0,2
A13085901,전농동아,아파트,서울특별시 동대문구 서울시립대로 31,서울,동대문구,전농동,,분양,360,동아건설,27072.0,308.0,127.0458375,37.5749667,0,10.0,8,8,99.0,4,2,2,133.0,2.833213344056216,27.0,21.0,32.0,2
A12188205,신촌태영데시앙,아파트,서울특별시 마포구 서강로9길 45,서울,마포구,창전동,태영아파트,분양,553,태영건설,46988.0,628.0,126.9309792,37.5533735,3,10.0,17,7,64.0,3,4,2,86.0,4.356708826689592,32.0,17.0,69.0,2
A13528008,대치효성,,서울특별시 강남구 삼성로64길 12,서울,강남구,대치동,,,83,,6190.0,86.0,127.0612091,37.49990577,3,11.0,7,4,78.0,3,3,4,71.0,6.464588303689961,74.0,8.0,36.0,2
A13585404,래미안도곡카운티,아파트,서울특별시 강남구 도곡로 320,서울,강남구,도곡동,래미안도곡카운티,분양,397,삼성물산,33275.0,510.0,127.0508531,37.49532946,3,9.0,4,5,83.0,1,3,4,69.0,5.429345628954441,77.0,9.0,45.0,2
A12070101,돈의문센트레빌,아파트,서울특별시 서대문구 독립문로14길 33,서울,서대문구,냉천동,관리사무소,분양,561,동부건설,47566.0,683.0,126.9613516,37.5662487,9,11.0,8,7,44.0,7,4,1,221.0,2.3978952727983707,61.0,13.0,26.0,2
A12185504,신수성원,아파트,서울특별시 마포구 독막로28길 7,서울,마포구,신수동,190,분양,260,성원산업개발(주),20781.0,262.0,126.9376295,37.546851,3,14.0,5,9,41.0,2,2,4,108.0,4.418840607796598,37.0,18.0,33.0,2
A10023979,어바니엘 천호,도시형 생활주택(아파트),,서울,강동구,천호동,,임대,182,(주)신화종합건설,2420.0,108.0,127.1287007,37.538079,2,8.0,7,8,105.0,2,0,2,182.0,2.5649493574615367,29.0,5.0,72.0,2
A13528003,대치삼성,아파트,서울특별시 강남구 도곡로78길 22,서울,강남구,대치동,1014-3,분양,960,삼성물산,83135.0,1238.0,127.0583563,37.4963363,2,12.0,2,4,66.0,2,4,4,83.0,6.272877006546167,71.0,8.0,45.0,2
A10027274,동대문푸르지오시티,도시형 생활주택(주상복합),서울특별시 동대문구 왕산로 86,서울,동대문구,용두동,,분양,299,대우건설(주),8674.0,0.0,127.0330311,37.57778606,2,12.0,1,7,111.0,3,2,2,118.0,2.19722457733622,31.0,32.0,32.0,2
