전철역코드,전철역명,호선,외부코드,name,road_addr,x,y
0244,용답,02호선,211-1,용답역 2호선,서울 성동구 용답길 86,127.05088954367504,37.562122776762756
0245,신답,02호선,211-2,신답역 2호선,서울 성동구 천호대로 232,127.047080117369,37.5698386846442
0250,용두,02호선,211-3,용두역 2호선,서울 동대문구 천호대로 지하 129,127.038275698211,37.5740621283646
0336,학여울,03호선,346,학여울역 3호선,서울 강남구 남부순환로 지하 3104,127.071166599707,37.4968851977644
0428,삼각지,04호선,428,삼각지역 4호선,서울 용산구 한강대로 지하 180,126.972922951307,37.5344393447708
0429,신용산,04호선,429,신용산역 4호선,서울 용산구 한강대로 지하 112,126.967965039183,37.5292591489375
1008,이촌,경의선,K111,이촌역 경의선,서울 용산구 이촌로71길 42,126.97354382085399,37.52241291408466
1014,청량리,경의선,K117,청량리역 경의선,서울 동대문구 왕산로 214,127.04786558187519,37.580279093795085
103C,대곡,서해선,836,대곡역 서해선,경기 고양시 덕양구 대주로107번길 71-81,126.809720795002,37.6318575945755
104C,능곡,서해선,837,능곡역 서해선,경기 고양시 덕양구 토당로 35,126.82063426387445,37.61898698884321
1286,운천,경의선,K336,운천역 경의선,경기 파주시 문산읍 통일로2033번길 3,126.769908998666,37.8798512036962
1456,평촌,04호선,441,평촌역 4호선,경기 안양시 동안구 부림로 지하 123,126.9638080221341,37.39423950914369
1702,가산디지털단지,01호선,P142,가산디지털단지역 1호선,서울 금천구 벚꽃로 309,126.882614758479,37.4815311901749
1703,금천구청,01호선,P144,금천구청역 1호선,서울 금천구 시흥대로63길 91,126.893608614581,37.4561943743749
1704,석수,01호선,P145,석수역 1호선,경기 안양시 만안구 경수대로 1431,126.90232078368835,37.43509293822681
1706,안양,01호선,P147,안양역 1호선,경기 안양시 만안구 만안로 232,126.922729807594,37.4016838636508
1707,명학,01호선,P148,명학역 1호선,경기 안양시 만안구 만안로 20,126.935592791667,37.3844604191546
1708,금정,01호선,P149,금정역 1호선,경기 군포시 군포로 750,126.94327003910128,37.37233746119409
1709,군포,01호선,P150,군포역 1호선,경기 군포시 군포역1길 27,126.948517502286,37.35419227847359
1711,성균관대,01호선,P153,성균관대역 1호선,경기 수원시 장안구 서부로 2149,126.971022000022,37.3003290017027
1750,광명,01호선,P144-1,광명역 1호선,경기 광명시 광명역로 21,126.884961689119,37.4167362171922
1761,정왕,04호선,455,정왕역 4호선,경기 시흥시 마유로418번길 15,126.74335018635819,37.351701334544885
1802,오류동,01호선,144,오류동역 1호선,서울 구로구 경인로20길 13,126.84480744815397,37.49439720933549
1847,서울숲,수인분당선,K211,서울숲역 수인분당선,서울 성동구 왕십리로 지하 77,127.044746216358,37.543645796605
0412,창동,04호선,412,창동역 4호선,서울 도봉구 마들로11길 77,127.04838841056,37.6533706449195
0417,길음,04호선,417,길음역 4호선,서울 성북구 동소문로 지하 248,127.02506019737066,37.603394782316634
102C,왕십리,수인분당선,K210,왕십리역 수인분당선,서울 성동구 왕십리광장로 17,127.03878380532441,37.56063982853407
1030,수서,수인분당선,K221,수서역 수인분당선,서울 강남구 광평로 지하 270,127.10164479068416,37.48737530248858
1217,양평,경의선,K135,양평역 경의선,경기 양평군 양평읍 역전길 30,127.492247611418,37.4926843397043
1218,원덕,경의선,K136,원덕역 경의선,경기 양평군 양평읍 원덕흑천길 138,127.546558679899,37.468781735546
1407,온양온천,01호선,P176,온양온천역 1호선,충남 아산시 온천대로 1496,127.003181472942,36.7805448837693
1450,선바위,04호선,435,선바위역 4호선,경기 과천시 중앙로 지하 440,127.00222869400723,37.451747988798516
1452,대공원,04호선,437,대공원역 4호선,경기 과천시 대공원대로 지하 50,127.006752481821,37.4360557449009
1455,인덕원,04호선,440,인덕원역 4호선,경기 안양시 동안구 흥안대로 지하 529,126.976679855187,37.4014941709597
1458,금정,04호선,443,금정역 4호선,경기 군포시 군포로 750,126.94347315682283,37.37246820714397
1504,경기광주,경강선,K413,경기광주역 경강선,경기 광주시 광주역로 10,127.253282668137,37.3989438131636
1883,남동인더스파크,수인분당선,K264,남동인더스파크역 수인분당선,인천 남동구 은청로 17,126.695227491501,37.4077423820652
1902,도봉,01호선,114,도봉역 1호선,서울 도봉구 도봉로170길 2,127.045534886672,37.6792119046658
1904,망월사,01호선,112,망월사역 1호선,경기 의정부시 평화로 221,127.047418285506,37.7102191609902
1905,회룡,01호선,111,회룡역 1호선,경기 의정부시 평화로 363,127.047295368138,37.7238058806629
1906,의정부,01호선,110,의정부역 1호선,경기 의정부시 평화로 525,127.045956826767,37.7383624923599
1909,양주,01호선,107,양주역 1호선,경기 양주시 평화로 919,127.044721319691,37.7741421622165
1911,덕정,01호선,105,덕정역 1호선,경기 양주시 화합로 1356,127.06155932141,37.8431876500694
1912,지행,01호선,104,지행역 1호선,경기 동두천시 평화로 2285,127.05579309162063,37.892342734325595
1913,동두천중앙,01호선,103,동두천중앙역 1호선,경기 동두천시 동두천로 228,127.05642330094,37.9017807357936
1915,동두천,01호선,101,동두천역 1호선,경기 동두천시 평화로 2687,127.05492800053,37.9276132662293
1948,원흥,03호선,317,원흥역 3호선,경기 고양시 덕양구 권율대로 681,126.87302523491,37.6506921774602
1950,삼송,03호선,318,삼송역 3호선,경기 고양시 덕양구 삼송로 지하 194,126.89573389994084,37.65326511526386
0310,구파발,03호선,320,구파발역 3호선,서울 은평구 진관2로 지하 15-25,126.918852820009,37.6364357889145
0319,종로3가,03호선,329,종로3가역 3호선,서울 종로구 종로 지하 129,126.992153252476,37.570420844523
0339,수서,03호선,349,수서역 3호선,서울 강남구 광평로 지하 270,127.102410530715,37.487560248798
0415,미아,04호선,415,미아역 4호선,서울 강북구 도봉로 지하 198,127.026041090189,37.6266544891889
0425,회현,04호선,425,회현역 4호선,서울 중구 퇴계로 지하 54,126.9784372569283,37.55876114587941
100C,용산,경의선,K110,용산역 경의선,서울 용산구 한강대로23길 55,126.96475753303035,37.52960692295435
1013,왕십리,경의선,K116,왕십리역 경의선,서울 성동구 왕십리광장로 17,127.0383329389645,37.56205814456861
1264,홍대입구,경의선,K314,홍대입구역 경의선,서울 마포구 양화로 지하 188,126.927118938976,37.5574494922411
1265,가좌,경의선,K315,가좌역 경의선,서울 서대문구 수색로 27,126.914815128053,37.5687433529646
1279,금릉,경의선,K330,금릉역 경의선,경기 파주시 금릉역로 85,126.765410119425,37.7513389843704
1408,신창,01호선,P177,신창역 1호선,충남 아산시 신창면 행목로 50,126.951393082675,36.7696422998843
1502,이매,경강선,K411,이매역 경강선,경기 성남시 분당구 성남대로 지하 738,127.127318661399,37.3947135146921
1510,세종대왕릉,경강선,K419,세종대왕릉역 경강선,경기 여주시 세종대왕면 양화로 877,127.57065963840586,37.2936326216504
0248,양천구청,02호선,234-2,양천구청역 2호선,서울 양천구 목동로3길 지하 33,126.865722369229,37.5123888716808
0320,을지로3가,03호선,330,을지로3가역 3호선,서울 중구 을지로 지하 129,126.992615486076,37.5664312655685
0327,신사,03호선,337,신사역 3호선,서울 강남구 도산대로 지하 102,127.02030856272764,37.51643597531432
1005,대방,01호선,137,대방역 1호선,서울 영등포구 여의대방로 300,126.92649449142719,37.51335413975466
1031,복정,수인분당선,K222,복정역 수인분당선,서울 송파구 송파대로 지하 6,127.12657757539301,37.46904181976967
1204,양원,경의선,K122,양원역 경의선,서울 중랑구 송림길 147,127.107946139148,37.6066060557557
1720,진위,01호선,P161,진위역 1호선,경기 평택시 진위면 경기대로 1855,127.062355993621,37.1100790285838
1834,안산,수인분당선,K255,안산역 수인분당선,경기 안산시 단원구 중앙대로 462,126.78801883475911,37.32740075973935
1864,신갈,수인분당선,K236,신갈역 수인분당선,경기 용인시 기흥구 기흥로 지하 136,127.111284750107,37.2861483619847
1882,호구포,수인분당선,K263,호구포역 수인분당선,인천 남동구 호구포로 205,126.708683171095,37.4016421735726
1901,방학,01호선,115,방학역 1호선,서울 도봉구 도봉로150다길 3,127.044321721307,37.6674383662755
1951,원당,03호선,316,원당역 3호선,경기 고양시 덕양구 고양대로 1429,126.842918441607,37.6531102058516
1952,화정,03호선,315,화정역 3호선,경기 고양시 덕양구 화정로 지하 60,126.832688422366,37.6346440058753
1953,대곡,03호선,314,대곡역 3호선,경기 고양시 덕양구 대주로107번길 71-81,126.810929998862,37.6316955592152
1954,백석,03호선,313,백석역 3호선,경기 고양시 일산동구 중앙로 지하 1042,126.788131509803,37.6429623651607
1956,정발산,03호선,311,정발산역 3호선,경기 고양시 일산동구 중앙로 지하 1270,126.773405960872,37.659480619983
1981,원종,서해선,839,원종역 서해선,경기 부천시 소사로 752-2,126.804845090802,37.5241890956788
1982,부천종합운동장,서해선,840,부천종합운동장역 서해선,경기 부천시 여월동 산 37-17,126.79760170408,37.5061541549989
2511,방화,05호선,510,방화역 5호선,서울 강서구 금낭화로 지하 132,126.812819296675,37.5776031994404
2512,개화산,05호선,511,개화산역 5호선,서울 강서구 양천로 22,126.806814314979,37.5725371505293
2514,송정,05호선,513,송정역 5호선,서울 강서구 공항대로 지하 33,126.812430347154,37.5611612387718
2520,신정,05호선,519,신정역 5호선,서울 양천구 오목로 지하 179,126.856097474225,37.5250276134139
2521,목동,05호선,520,목동역 5호선,서울 양천구 오목로 지하 245,126.86462527157516,37.526135115923466
2522,오목교,05호선,521,오목교역 5호선,서울 양천구 오목로 지하 342,126.875307312696,37.5245340839144
2523,양평,05호선,522,양평역 5호선,서울 영등포구 양산로 지하 21,126.886419282885,37.5255796429707
0216,잠실,02호선,216,잠실역 2호선,서울 송파구 올림픽로 지하 265,127.10023101886318,37.51331105877401
0249,신정네거리,02호선,234-3,신정네거리역 2호선,서울 양천구 중앙로 지하 261,126.852889567642,37.5202231231721
0311,연신내,03호선,321,연신내역 3호선,서울 은평구 통일로 지하 849,126.921100704496,37.6192032466353
0315,무악재,03호선,325,무악재역 3호선,서울 서대문구 통일로 지하 361,126.950230954136,37.5825632263526
0323,약수,03호선,333,약수역 3호선,서울 중구 다산로 지하 122,127.010891666957,37.5545053994984
0328,잠원,03호선,338,잠원역 3호선,서울 서초구 잠원로4길 지하 46,127.011419491429,37.5128899169357
0337,대청,03호선,347,대청역 3호선,서울 강남구 일원로 지하 2,127.07952812085006,37.49370832148055
0421,동대문,04호선,421,동대문역 4호선,서울 종로구 율곡로 지하 308,127.009313828405,37.5709072753658
1319,마석,경춘선,P130,마석역 경춘선,경기 남양주시 화도읍 마석중앙로 107,127.311686554885,37.652792215501
1835,신길온천,수인분당선,K256,신길온천역 수인분당선,경기 안산시 단원구 황고개로 2,126.76655878915673,37.33789250317993
1856,수내,수인분당선,K229,수내역 수인분당선,경기 성남시 분당구 성남대로 지하 491,127.114288846291,37.3784687674046
1878,달월,수인분당선,K259,달월역 수인분당선,경기 시흥시 서해안로736번길 55,126.74540347645,37.3800267658985
1885,연수,수인분당선,K266,연수역 수인분당선,인천 연수구 벚꽃로 115,126.67874745918827,37.41792798381812
2524,영등포구청,05호선,523,영등포구청역 5호선,서울 영등포구 양산로 지하 116,126.895322094259,37.5242291583027
2525,영등포시장,05호선,524,영등포시장역 5호선,서울 영등포구 양산로 지하 200,126.905179566968,37.522709383885
2527,여의도,05호선,526,여의도역 5호선,서울 영등포구 여의나루로 지하 40,126.924397990207,37.5217753947299
2529,마포,05호선,528,마포역 5호선,서울 마포구 마포대로 지하 33,126.94586257221307,37.53955402908912
2530,공덕,05호선,529,공덕역 5호선,서울 마포구 마포대로 지하 100,126.951451177648,37.5445416897534
2535,종로3가,05호선,534,종로3가역 5호선,서울 종로구 돈화문로11길 지하 26,126.9904176797898,37.57258941181964
2536,을지로4가,05호선,535,을지로4가역 5호선,서울 중구 창경궁로 지하 51,126.99804517954063,37.567564032148596
2537,동대문역사문화공원,05호선,536,동대문역사문화공원역 5호선,서울 중구 마른내로 지하 162,127.00579179092047,37.56462215427451
0233,대림,02호선,233,대림역 2호선,서울 구로구 도림천로 351,126.894931036051,37.4933099444417
0237,당산,02호선,237,당산역 2호선,서울 영등포구 당산로 229,126.902611795523,37.5347843171332
0405,진접,04호선,405,진접역 4호선,경기 남양주시 진접읍 경복대로 지하 244,127.203247263047,37.7199083469452
0430,이촌,04호선,430,이촌역 4호선,서울 용산구 서빙고로 지하 83,126.97452008954151,37.522373484615365
1015,회기,01호선,123,회기역 1호선,서울 동대문구 회기로 196,127.058048369273,37.5897962196601
1032,신길,01호선,138,신길역 1호선,서울 영등포구 영등포로 327,126.91836721069228,37.51678703217714
1208,덕소,경의선,K126,덕소역 경의선,경기 남양주시 와부읍 덕소로 56,127.208842710609,37.5868903292078
1219,용문,경의선,K137,용문역 경의선,경기 양평군 용문면 용문역길 21,127.593795306663,37.4818020661568
1402,쌍용,01호선,P171,쌍용역 1호선,충남 천안시 서북구 쌍용19로 20,127.121378271233,36.7937257780754
1886,송도,수인분당선,K267,송도역 수인분당선,인천 연수구 비류대로 175,126.654675713707,37.4299616326114
2539,신금호,05호선,538,신금호역 5호선,서울 성동구 금호로 지하 154,127.02049316578315,37.55447619249223
2540,행당,05호선,539,행당역 5호선,서울 성동구 행당로 지하 89,127.029511840513,37.5573637818732
2541,왕십리,05호선,540,왕십리역 5호선,서울 성동구 왕십리로 지하 300,127.03733125702163,37.56203954461276
2542,마장,05호선,541,마장역 5호선,서울 성동구 마장로 지하 296,127.042984855663,37.5661389565959
2543,답십리,05호선,542,답십리역 5호선,서울 성동구 천호대로 지하 300,127.05256127651293,37.56697480965114
2544,장한평,05호선,543,장한평역 5호선,서울 동대문구 천호대로 지하 405,127.06370373106944,37.5616038910656
2545,군자,05호선,544,군자역 5호선,서울 광진구 천호대로 지하 550,127.0795106156054,37.557151488837924
2546,아차산,05호선,545,아차산역 5호선,서울 광진구 천호대로 지하 657,127.08956495447913,37.55224917071854
2547,광나루,05호선,546,광나루역 5호선,서울 광진구 아차산로 지하 571,127.103521464507,37.5452991715677
2548,천호,05호선,547,천호역 5호선,서울 강동구 천호대로 지하 997,127.12392845044,37.5385112120297
2550,길동,05호선,549,길동역 5호선,서울 강동구 양재대로 지하 1480,127.140021295948,37.5378264874159
2551,굽은다리,05호선,550,굽은다리역 5호선,서울 강동구 양재대로 지하 1572,127.14288387331297,37.54551759022203
2554,상일동,05호선,553,상일동역 5호선,서울 강동구 고덕로 지하 359,127.165905758209,37.5566778757215
2555,둔촌동,05호선,P549,둔촌동역 5호선,서울 강동구 양재대로 지하 1369,127.13621464981398,37.52765684247226
2558,오금,05호선,P552,오금역 5호선,서울 송파구 오금로 지하 321,127.127953219596,37.5021388575469
0338,일원,03호선,348,일원역 3호선,서울 강남구 일원로 지하 121,127.084129757128,37.4839886684666
0416,미아사거리,04호선,416,미아사거리역 4호선,서울 강북구 도봉로 지하 50,127.03008663628454,37.61327836400571
0427,숙대입구,04호선,427,숙대입구역 4호선,서울 용산구 한강대로 지하 306,126.972118127373,37.5445952301115
1201,중랑,경의선,K119,중랑역 경의선,서울 중랑구 중랑역로 9,127.075680398461,37.5948425975025
1266,디지털미디어시티,경의선,K316,디지털미디어시티역 경의선,서울 은평구 수색로 193,126.90069067398757,37.57740168656261
1268,화전,경의선,K318,화전역 경의선,경기 고양시 덕양구 화랑로 53,126.86832290956241,37.60297079813561
1804,부천,01호선,148,부천역 1호선,경기 부천시 부천로 1,126.783081743529,37.4839888842916
2559,개롱,05호선,P553,개롱역 5호선,서울 송파구 오금로 지하 402,127.13507959838425,37.497968278388235
2560,거여,05호선,P554,거여역 5호선,서울 송파구 오금로 지하 499,127.143773841911,37.4933304500736
2611,응암,06호선,610,응암역 6호선,서울 은평구 증산로 지하 477,126.9155399209037,37.5984928632876
2613,불광,06호선,612,불광역 6호선,서울 은평구 통일로 지하 723-1,126.930315826401,37.6100477979795
2614,독바위,06호선,613,독바위역 6호선,서울 은평구 불광로 지하 129-1,126.933053652461,37.6184141599944
2617,새절,06호선,616,새절역 6호선,서울 은평구 증산로 지하 400,126.913580663181,37.5908600479967
2618,증산,06호선,617,증산역 6호선,서울 은평구 증산로 지하 306,126.909494991105,37.583746353282
2619,디지털미디어시티,06호선,618,디지털미디어시티역 6호선,서울 은평구 수색로 지하 175,126.90127778415635,37.57601374718818
2620,월드컵경기장,06호선,619,월드컵경기장역 6호선,서울 마포구 월드컵로 지하 240,126.899098148061,37.5696355653344
2621,마포구청,06호선,620,마포구청역 6호선,서울 마포구 월드컵로 지하 190,126.903425598797,37.5634871865932
2624,상수,06호선,623,상수역 6호선,서울 마포구 독막로 지하 85,126.92242989321456,37.54776618366393
2631,이태원,06호선,630,이태원역 6호선,서울 용산구 이태원로 지하 177,126.994333861918,37.5345252050511
2632,한강진,06호선,631,한강진역 6호선,서울 용산구 이태원로 지하 287,127.001765135176,37.5397907743775
2633,버티고개,06호선,632,버티고개역 6호선,서울 중구 다산로 지하 38,127.006730866101,37.5478275106099
2634,약수,06호선,633,약수역 6호선,서울 중구 다산로 지하 115,127.010153707232,37.5539252226626
2639,보문,06호선,638,보문역 6호선,서울 성북구 보문로 지하 116,127.020003515933,37.585541696968
2640,안암,06호선,639,안암역 6호선,서울 성북구 고려대로 지하 89,127.029233420248,37.586307417971
2646,태릉입구,06호선,645,태릉입구역 6호선,서울 노원구 동일로 지하 992-1,127.07475176155,37.6173499119222
2719,태릉입구,07호선,717,태릉입구역 7호선,서울 노원구 동일로 지하 992-1,127.075405300578,37.618459513199
0316,독립문,03호선,326,독립문역 3호선,서울 서대문구 통일로 지하 247,126.95791371132584,37.57446627898665
0329,고속터미널,03호선,339,고속터미널역 3호선,서울 서초구 신반포로 지하 188,127.00512100872538,37.50454885557265
0334,도곡,03호선,344,도곡역 3호선,서울 강남구 남부순환로 지하 2814,127.05549883514037,37.49097398162934
0341,경찰병원,03호선,351,경찰병원역 3호선,서울 송파구 중대로 지하 149,127.124482397777,37.4960049150853
1009,서빙고,경의선,K112,서빙고역 경의선,서울 용산구 서빙고로 238,126.98841094338457,37.519568139395346
1203,망우,경의선,K121,망우역 경의선,서울 중랑구 망우로55길 11-10,127.092367383432,37.5992960295399
1214,국수,경의선,K132,국수역 경의선,경기 양평군 양서면 국수역길 45,127.399309828929,37.5161871164552
1404,탕정,01호선,P173,탕정역 1호선,충남 아산시 탕정면 한들물빛6로 11,127.08439248328,36.7882087107804
1812,인천,01호선,161,인천역 1호선,인천 중구 제물량로 269,126.61682219568799,37.476166712082836
1854,야탑,수인분당선,K226,야탑역 수인분당선,경기 성남시 분당구 성남대로 지하 903,127.128742990837,37.4113736407028
1866,상갈,수인분당선,K238,상갈역 수인분당선,경기 용인시 기흥구 금화로 지하 40,127.108737254546,37.261811831367
1870,매탄권선,수인분당선,K242,매탄권선역 수인분당선,경기 수원시 영통구 권선로 지하 841,127.040808657326,37.2525055074191
1871,수원시청,수인분당선,K243,수원시청역 수인분당선,경기 수원시 권선구 효원로 지하 270,127.030857188083,37.2619226180172
1873,고색,수인분당선,K246,고색역 수인분당선,경기 수원시 권선구 매송고색로 지하 690,126.980572516343,37.2497717717764
1880,소래포구,수인분당선,K261,소래포구역 수인분당선,인천 남동구 소래역로 51,126.733492081979,37.4009402347666
1884,원인재,수인분당선,K265,원인재역 수인분당선,인천 연수구 벚꽃로 195,126.686457819329,37.4132120460243
1890,신포,수인분당선,K271,신포역 수인분당선,인천 중구 우현로 지하 3,126.624533685908,37.4684545360849
0217,잠실새내,02호선,217,잠실새내역 2호선,서울 송파구 올림픽로 지하 140,127.086314327913,37.5116263587296
0317,경복궁,03호선,327,경복궁역 3호선,서울 종로구 사직로 지하 130,126.973691352767,37.5758061234865
0324,금호,03호선,334,금호역 3호선,서울 성동구 동호로 지하 104,127.01582916945283,37.548260922874086
0330,교대,03호선,340,교대역 3호선,서울 서초구 서초대로 지하 294,127.013867969161,37.4927431676548
0332,양재,03호선,342,양재역 3호선,서울 서초구 남부순환로 지하 2585,127.03416413380752,37.48457681195669
0335,대치,03호선,345,대치역 3호선,서울 강남구 남부순환로 지하 2952,127.063203409529,37.4944966528582
1010,한남,경의선,K113,한남역 경의선,서울 용산구 독서당로6길 12-13,127.009209110584,37.5294289189437
1021,녹천,01호선,117,녹천역 1호선,서울 도봉구 덕릉로 376,127.05138201885734,37.644633445567656
1814,소사,01호선,147,소사역 1호선,경기 부천시 소사로 272,126.79564427244556,37.48280032710237
1816,간석,01호선,155,간석역 1호선,인천 남동구 석정로 522-14,126.69351903231802,37.46470628162983
1857,정자,수인분당선,K230,정자역 수인분당선,경기 성남시 분당구 성남대로 지하 333,127.108097457244,37.3661737923199
1858,미금,수인분당선,K231,미금역 수인분당선,경기 성남시 분당구 성남대로 지하 156,127.10900662549734,37.35007159880101
1859,오리,수인분당선,K232,오리역 수인분당선,경기 성남시 분당구 성남대로 지하 55,127.108948940053,37.3398305519823
1860,이매,수인분당선,K227,이매역 수인분당선,경기 성남시 분당구 성남대로 지하 738,127.12828790116325,37.396209063853476
1861,보정,수인분당선,K234,보정역 수인분당선,경기 용인시 기흥구 용구대로 지하 2560,127.108336816968,37.3127749181936
1862,죽전,수인분당선,K233,죽전역 수인분당선,경기 용인시 수지구 포은대로 530,127.107505020642,37.3243773830569
1863,구성,수인분당선,K235,구성역 수인분당선,경기 용인시 기흥구 용구대로 2403,127.105695833197,37.2989770487314
1877,사리,수인분당선,K250,사리역 수인분당선,경기 안산시 상록구 충장로 103,126.85710444456184,37.290641235808586
0218,종합운동장,02호선,218,종합운동장역 2호선,서울 송파구 올림픽로 지하 23,127.073849447402,37.5111446632705
0325,옥수,03호선,335,옥수역 3호선,서울 성동구 동호로 21,127.017393782846,37.5415662783673
0331,남부터미널,03호선,341,남부터미널역 3호선,서울 서초구 서초중앙로 지하 31,127.01620028391,37.4851996335293
1026,구룡,수인분당선,K218,구룡역 수인분당선,서울 강남구 개포로 지하 403,127.059492941655,37.4870274262116
1800,오이도,수인분당선,K258,오이도역 수인분당선,경기 시흥시 역전로 430,126.73892305019992,37.362929236026645
1803,역곡,01호선,146,역곡역 1호선,경기 부천시 역곡로 1,126.81205932067193,37.485314358615625
1805,송내,01호선,150,송내역 1호선,경기 부천시 송내대로 43,126.75316170607587,37.48764230897348
1813,구일,01호선,142,구일역 1호선,서울 구로구 구일로 133,126.86969110539,37.496254517687
1817,도원,01호선,159,도원역 1호선,인천 동구 참외전로 245,126.64253515710824,37.46877255664296
1821,온수,01호선,145,온수역 1호선,서울 구로구 부일로 872,126.823828819915,37.4923999909922
1845,청량리,수인분당선,K209,청량리역 수인분당선,서울 동대문구 왕산로 214,127.047847862522,37.5808953806814
1849,강남구청,수인분당선,K213,강남구청역 수인분당선,서울 강남구 학동로 지하 346,127.0413109462156,37.51721617197854
1850,선정릉,수인분당선,K214,선정릉역 수인분당선,서울 강남구 선릉로 지하 580,127.043627289129,37.5109326388803
1851,가천대,수인분당선,K223,가천대역 수인분당선,경기 성남시 수정구 성남대로 지하 1332,127.1266967573021,37.44856169280611
1852,태평,수인분당선,K224,태평역 수인분당선,경기 성남시 수정구 성남대로 지하 1229,127.12774980543841,37.43978918729356
1853,모란,수인분당선,K225,모란역 수인분당선,경기 성남시 중원구 성남대로 지하 1147,127.12913205625071,37.432056973841604
1855,서현,수인분당선,K228,서현역 수인분당선,경기 성남시 분당구 성남대로 지하 601,127.123431479636,37.3850154269126
0219,삼성,02호선,219,삼성역 2호선,서울 강남구 테헤란로 지하 538,127.06302321147605,37.508822740225305
0318,안국,03호선,328,안국역 3호선,서울 종로구 율곡로 지하 62,126.98542143228659,37.57650192060523
1027,개포동,수인분당선,K219,개포동역 수인분당선,서울 강남구 개포로 지하 420,127.066120707828,37.4891394691891
1269,강매,경의선,K319,강매역 경의선,경기 고양시 덕양구 소원로 202,126.84449823065067,37.6122904718741
1275,일산,경의선,K326,일산역 경의선,경기 고양시 일산서구 경의로 672,126.770022642636,37.6820129415088
1725,성환,01호선,P166,성환역 1호선,충남 천안시 서북구 성환읍 성환1로 237-5,127.126837110236,36.9159530167598
1726,직산,01호선,P167,직산역 1호선,충남 천안시 서북구 직산읍 천안대로 1471-33,127.143823728817,36.8709328418739
1728,천안,01호선,P169,천안역 1호선,충남 천안시 동남구 대흥로 239,127.14648879876161,36.81052305989757
1751,산본,04호선,444,산본역 4호선,경기 군포시 번영로 504,126.933046329836,37.3580193085257
1752,대야미,04호선,446,대야미역 4호선,경기 군포시 대야1로 28,126.916897519557,37.327965125951
1753,반월,04호선,447,반월역 4호선,경기 안산시 상록구 건건로 119-10,126.90382444207,37.3123817631801
1754,상록수,04호선,448,상록수역 4호선,경기 안산시 상록구 상록수로 61,126.8666056400078,37.30285235924208
1755,한대앞,04호선,449,한대앞역 4호선,경기 안산시 상록구 충장로 337,126.85402320176591,37.309429480381965
1756,중앙,04호선,450,중앙역 4호선,경기 안산시 단원구 중앙대로 918,126.83883035405907,37.31599451967913
1757,고잔,04호선,451,고잔역 4호선,경기 안산시 단원구 중앙대로 784,126.82359875532677,37.3167693077138
1763,수리산,04호선,445,수리산역 4호선,경기 군포시 번영로 385,126.92563095069,37.3505579695805
1833,초지,수인분당선,K254,초지역 수인분당선,경기 안산시 단원구 중앙대로 620,126.80546223274199,37.320896443419954
1836,정왕,수인분당선,K257,정왕역 수인분당선,경기 시흥시 마유로418번길 15,126.742261089582,37.3520125238326
0406,오남,04호선,406,오남역 4호선,경기 남양주시 오남읍 진건오남로 지하 929,127.191104897113,37.7051635201214
1276,탄현,경의선,K327,탄현역 경의선,경기 고양시 일산서구 경의로 856,126.761078262576,37.6939889446111
1277,야당,경의선,K328,야당역 경의선,경기 파주시 소리천로 10,126.761453983315,37.712611015679
1280,금촌,경의선,K331,금촌역 경의선,경기 파주시 새꽃로 193,126.774633255205,37.7662265030421
1308,중랑,경춘선,P119,중랑역 경춘선,서울 중랑구 망우로 297,127.085085690038,37.5969733432502
1310,망우,경춘선,P121,망우역 경춘선,서울 중랑구 망우로55길 11-10,127.091738656282,37.600017312378
1311,신내,경춘선,P122,신내역 경춘선,서울 중랑구 신내역로 20,127.10322521629693,37.61270546979327
1316,금곡,경춘선,P127,금곡역 경춘선,경기 남양주시 금곡로19번길 47,127.207533674718,37.6373551430559
1318,천마산,경춘선,P129,천마산역 경춘선,경기 남양주시 화도읍 묵현로25번길 37,127.285062700362,37.6592276778117
1320,대성리,경춘선,P131,대성리역 경춘선,경기 가평군 청평면 경춘로 88,127.379706254541,37.6839900741502
1322,상천,경춘선,P133,상천역 경춘선,경기 가평군 청평면 상천역로 29,127.454515681516,37.7701784041516
1328,남춘천,경춘선,P139,남춘천역 경춘선,강원특별자치도 춘천시 영서로 2260,127.723850659304,37.8640466747977
1712,화서,01호선,P154,화서역 1호선,경기 수원시 팔달구 덕영대로 692,126.9896120326472,37.2840016829776
1713,수원,01호선,P155,수원역 1호선,경기 수원시 팔달구 덕영대로 924,127.00004960484385,37.26568218296588
1714,독산,01호선,P143,독산역 1호선,서울 금천구 벚꽃로 115,126.88947790336374,37.46597376787178
1715,세류,01호선,P156,세류역 1호선,경기 수원시 권선구 정조로 393-1,127.01379969649852,37.243872520123844
1718,오산대,01호선,P159,오산대역 1호선,경기 오산시 청학로 236,127.063075726398,37.1693504386917
1721,송탄,01호선,P162,송탄역 1호선,경기 평택시 송탄공원로 43,127.05428046136659,37.0757126572027
1722,서정리,01호선,P163,서정리역 1호선,경기 평택시 탄현로 51,127.052881703722,37.0565637021655
1724,평택,01호선,P165,평택역 1호선,경기 평택시 평택로 51,127.085272971043,36.9908490091432
0314,홍제,03호선,324,홍제역 3호선,서울 서대문구 통일로 지하 440-1,126.944158007985,37.5887953806088
0321,충무로,03호선,331,충무로역 3호선,서울 중구 필동2가 16-2,126.994150735779,37.5613965840169
1220,지평,경의선,K138,지평역 경의선,경기 양평군 지평면 지평역길 32,127.62890592244803,37.476907283345135
1251,서울역,경의선,P313,서울역역 경의선,서울 중구 통일로 1,126.9713179064219,37.55693330961779
1261,효창공원앞,경의선,K826,효창공원앞역 경의선,서울 용산구 백범로 지하 287,126.96282412672662,37.53860552677497
1262,공덕,경의선,K312,공덕역 경의선,서울 마포구 마포대로 지하 92,126.95271984059,37.5424735099283
1272,곡산,경의선,K323,곡산역 경의선,경기 고양시 일산동구 경의로 160,126.801806892782,37.6457575538988
1278,운정,경의선,K329,운정역 경의선,경기 파주시 운정역길 368,126.76716330229101,37.72560181256856
1283,파주,경의선,K334,파주역 경의선,경기 파주시 파주읍 주라위길 38,126.79269130281,37.8153655831005
1305,광운대,경춘선,P116,광운대역 경춘선,서울 노원구 석계로 98-2,127.061985215335,37.623916497664
1306,청량리,경춘선,P117,청량리역 경춘선,서울 동대문구 왕산로 214,127.0486360630067,37.581273475892466
1312,갈매,경춘선,P123,갈매역 경춘선,경기 구리시 경춘북로 229,127.114760741021,37.6340689252244
1314,퇴계원,경춘선,P125,퇴계원역 경춘선,경기 남양주시 퇴계원읍 경춘북로 545,127.14353713662,37.6482657629059
1324,굴봉산,경춘선,P135,굴봉산역 경춘선,강원특별자치도 춘천시 남산면 서백길 192,127.557769861431,37.8320661917515
1325,백양리,경춘선,P136,백양리역 경춘선,강원특별자치도 춘천시 남산면 북한강변길 690,127.589324987859,37.8307917497493
1327,김유정,경춘선,P138,김유정역 경춘선,강원특별자치도 춘천시 신동면 김유정로 1435,127.714323967766,37.8184490071056
1401,봉명,01호선,P170,봉명역 1호선,충남 천안시 동남구 차돌로 51,127.1360381121,36.8014198330363
1823,도화,01호선,157,도화역 1호선,인천 미추홀구 숙골로24번길 9,126.668575935273,37.4661175111199
0243,충정로,02호선,243,충정로역 2호선,서울 서대문구 서소문로 지하 17,126.96449207476172,37.55976328822766
0309,지축,03호선,319,지축역 3호선,경기 고양시 덕양구 삼송로 300,126.913854269202,37.6481486423031
0322,동대입구,03호선,332,동대입구역 3호선,서울 중구 동호로 지하 256,127.00531600900922,37.55905581925076
0326,압구정,03호선,336,압구정역 3호선,서울 강남구 압구정로 지하 172,127.02850865895756,37.52649127416921
0333,매봉,03호선,343,매봉역 3호선,서울 강남구 남부순환로 지하 2744,127.046711448388,37.4869394661317
0414,수유,04호선,414,수유역 4호선,서울 강북구 도봉로 지하 338,127.02550910860451,37.63788539420793
0426,서울역,04호선,426,서울역역 4호선,서울 용산구 한강대로 지하 392,126.972644620034,37.5530287004642
0432,총신대입구,04호선,432,총신대입구역 4호선,서울 동작구 동작대로 지하 117,126.982211871752,37.4867995957995
1205,구리,경의선,K123,구리역 경의선,경기 구리시 건원대로34번길 32-29,127.143350984187,37.6032707405088
1206,도농,경의선,K124,도농역 경의선,경기 남양주시 경춘로 433,127.161178663222,37.6087726045416
1207,양정,경의선,K125,양정역 경의선,경기 남양주시 경강로 237,127.19466908658632,37.604027962835566
1210,팔당,경의선,K128,팔당역 경의선,경기 남양주시 와부읍 팔당로 107,127.243966151989,37.5473594340956
1211,운길산,경의선,K129,운길산역 경의선,경기 남양주시 조안면 운길산로 20,127.310231608596,37.5546425431665
1212,양수,경의선,K130,양수역 경의선,경기 양평군 양서면 목왕로 55-10,127.329138380916,37.5459634283124
1213,신원,경의선,K131,신원역 경의선,경기 양평군 양서면 신원역길 7,127.373091698635,37.5255855578889
1215,아신,경의선,K133,아신역 경의선,경기 양평군 옥천면 아신역1길 23,127.443211499187,37.5139186008078
1216,오빈,경의선,K134,오빈역 경의선,경기 양평군 양평읍 덕바위길 58,127.473661407181,37.5061671737276
1284,문산,경의선,K335,문산역 경의선,경기 파주시 문산읍 문산역로 94,126.787395378931,37.854626895054
0246,신설동,02호선,211-4,신설동역 2호선,서울 동대문구 왕산로 지하 1,127.024918166399,37.5748045192005
0431,동작,04호선,431,동작역 4호선,서울 동작구 현충로 257,126.9803148383829,37.50297957674478
0433,사당,04호선,433,사당역 4호선,서울 동작구 동작대로 지하 3,126.98169851997,37.4775912070902
0434,남태령,04호선,434,남태령역 4호선,서울 서초구 과천대로 지하 816,126.989085267707,37.4642499558525
1004,노량진,01호선,136,노량진역 1호선,서울 동작구 노량진로 151,126.942109882124,37.5140547961008
1006,영등포,01호선,139,영등포역 1호선,서울 영등포구 경인로 846,126.907550274975,37.5156726288261
1011,옥수,경의선,K114,옥수역 경의선,서울 성동구 동호로 21,127.01874455821252,37.540511901869166
1012,응봉,경의선,K115,응봉역 경의선,서울 성동구 고산자로 123,127.034483653629,37.5499526279456
1016,외대앞,01호선,122,외대앞역 1호선,서울 동대문구 휘경로 27,127.06369251145765,37.596274142656114
1017,신이문,01호선,121,신이문역 1호선,서울 동대문구 한천로 472,127.067398003775,37.6017816437084
1018,석계,01호선,120,석계역 1호선,서울 노원구 화랑로 341,127.06568946412851,37.61500552731744
1019,광운대,01호선,119,광운대역 1호선,서울 노원구 석계로 98-2,127.061695160651,37.6238373628149
1020,월계,01호선,118,월계역 1호선,서울 노원구 월계로53길 40,127.058857087601,37.6332775453974
1022,창동,01호선,116,창동역 1호선,서울 도봉구 마들로11길 77,127.047644999036,37.6533385121404
1023,선릉,수인분당선,K215,선릉역 수인분당선,서울 강남구 테헤란로 지하 340,127.04870992465413,37.505167825521674
1025,도곡,수인분당선,K217,도곡역 수인분당선,서울 강남구 남부순환로 지하 2814,127.05549883514037,37.49097398162934
1028,대모산입구,수인분당선,K220,대모산입구역 수인분당선,서울 강남구 개포로 지하 522,127.073070274916,37.4915500752654
0238,합정,02호선,238,합정역 2호선,서울 마포구 양화로 지하 55,126.91445406513526,37.54991315995173
0239,홍대입구,02호선,239,홍대입구역 2호선,서울 마포구 양화로 지하 160,126.923778562273,37.5568707448873
0240,신촌,02호선,240,신촌역 2호선,서울 마포구 신촌로 지하 90,126.93698075993808,37.555198169366435
0241,이대,02호선,241,이대역 2호선,서울 마포구 신촌로 지하 180,126.94642954546576,37.556814718869
0242,아현,02호선,242,아현역 2호선,서울 마포구 신촌로 지하 270,126.95614644008904,37.55740617797663
0247,도림천,02호선,234-1,도림천역 2호선,서울 구로구 경인로67길 160,126.882649092584,37.5145080414761
0312,불광,03호선,322,불광역 3호선,서울 은평구 통일로 지하 723-1,126.930315826401,37.6100477979795
0313,녹번,03호선,323,녹번역 3호선,서울 은평구 통일로 지하 602-1,126.935828008217,37.6008067681825
0342,오금,03호선,352,오금역 3호선,서울 송파구 오금로 지하 321,127.12848280775154,37.50232208779385
0408,별내별가람,04호선,408,별내별가람역 4호선,경기 남양주시 별내3로 지하 345,127.116241994779,37.6678462120372
0409,당고개,04호선,409,당고개역 4호선,서울 노원구 상계로 305,127.079066619316,37.6702168353314
0410,상계,04호선,410,상계역 4호선,서울 노원구 상계로 182,127.073421632239,37.660720544722
0418,성신여대입구,04호선,418,성신여대입구역 4호선,서울 성북구 동소문로 지하 102,127.0171260607647,37.59296812939267
0419,한성대입구,04호선,419,한성대입구역 4호선,서울 성북구 삼선교로 지하 1,127.00601781685579,37.58842461354086
0422,동대문역사문화공원,04호선,422,동대문역사문화공원역 4호선,서울 중구 장충단로 지하 230,127.00791523866731,37.56514370780825
1511,여주,경강선,K420,여주역 경강선,경기 여주시 교동로 80,127.628529053998,37.2828596478666
0220,선릉,02호선,220,선릉역 2호선,서울 강남구 테헤란로 지하 340,127.04896282498558,37.504497373023206
0221,역삼,02호선,221,역삼역 2호선,서울 강남구 테헤란로 지하 156,127.03646946847,37.5006744185994
0222,강남,02호선,222,강남역 2호선,서울 강남구 강남대로 지하 396,127.02800140627488,37.49808633653005
0223,교대,02호선,223,교대역 2호선,서울 서초구 서초대로 지하 294,127.014383829781,37.4938999991414
0224,서초,02호선,224,서초역 2호선,서울 서초구 서초대로 지하 233,127.007662120039,37.4918499338918
0225,방배,02호선,225,방배역 2호선,서울 서초구 방배로 지하 80,126.997553345516,37.4814561268152
0226,사당,02호선,226,사당역 2호선,서울 동작구 남부순환로 지하 2089,126.98155858357366,37.47656223234824
0227,낙성대,02호선,227,낙성대역 2호선,서울 관악구 남부순환로 지하 1928,126.963523905001,37.4770932409965
0228,서울대입구,02호선,228,서울대입구역 2호선,서울 관악구 남부순환로 지하 1822,126.952713197762,37.4812845080678
0229,봉천,02호선,229,봉천역 2호선,서울 관악구 남부순환로 지하 1721,126.941686527151,37.4824725161034
0230,신림,02호선,230,신림역 2호선,서울 관악구 남부순환로 지하 1614,126.9297453749671,37.484267135140364
0231,신대방,02호선,231,신대방역 2호선,서울 동작구 대림로 2,126.91350747615147,37.48765046104574
0232,구로디지털단지,02호선,232,구로디지털단지역 2호선,서울 구로구 도림천로 477,126.901473080039,37.4852605752505
0234,신도림,02호선,234,신도림역 2호선,서울 구로구 새말로 지하 117-21,126.89161095407636,37.508222191535346
0235,문래,02호선,235,문래역 2호선,서울 영등포구 당산로 지하 28,126.894778820701,37.5179757181801
0236,영등포구청,02호선,236,영등포구청역 2호선,서울 영등포구 당산로 지하 121,126.89667739939,37.5258305311402
0203,을지로3가,02호선,203,을지로3가역 2호선,서울 중구 을지로 지하 106,126.99098443539428,37.56629149790628
0204,을지로4가,02호선,204,을지로4가역 2호선,서울 중구 을지로 지하 178,126.997632059113,37.5666405038268
0205,동대문역사문화공원,02호선,205,동대문역사문화공원역 2호선,서울 중구 을지로 지하 279,127.00900417014896,37.56566440553802
0206,신당,02호선,206,신당역 2호선,서울 중구 퇴계로 지하 431-1,127.019477533278,37.5656730531732
0207,상왕십리,02호선,207,상왕십리역 2호선,서울 성동구 왕십리로 지하 374,127.02927241035283,37.56443666620397
0208,왕십리,02호선,208,왕십리역 2호선,서울 성동구 왕십리로 지하 300,127.03710337610202,37.561268363317176
0209,한양대,02호선,209,한양대역 2호선,서울 성동구 왕십리로 206,127.043639802768,37.5557159860408
0210,뚝섬,02호선,210,뚝섬역 2호선,서울 성동구 아차산로 18,127.04738727881,37.547241554679
0211,성수,02호선,211,성수역 2호선,서울 성동구 아차산로 100,127.056066999327,37.5445888153751
0212,건대입구,02호선,212,건대입구역 2호선,서울 광진구 아차산로 243,127.06920291650829,37.54040751726388
0213,구의,02호선,213,구의역 2호선,서울 광진구 아차산로 384-1,127.086180837795,37.5371752725594
0214,강변,02호선,214,강변역 2호선,서울 광진구 강변역로 53,127.094741101863,37.5351180385975
0215,잠실나루,02호선,215,잠실나루역 2호선,서울 송파구 오금로 20,127.103808749487,37.5207124124456
0420,혜화,04호선,420,혜화역 4호선,서울 종로구 대학로 지하 120,127.00194500977393,37.58204391787134
1007,신도림,01호선,140,신도림역 1호선,서울 구로구 경인로 688,126.891312500851,37.508908482648
1701,구로,01호선,141,구로역 1호선,서울 구로구 구로중앙로 174,126.88230806229326,37.50334155631282
0340,가락시장,03호선,350,가락시장역 3호선,서울 송파구 송파대로 지하 257,127.11764173832,37.4922493218664
0411,노원,04호선,411,노원역 4호선,서울 노원구 상계로 69-1,127.063449137455,37.6563403513278
0423,충무로,04호선,423,충무로역 4호선,서울 중구 필동2가 16-2,126.995255388268,37.5615119611571
1003,용산,01호선,135,용산역 1호선,서울 용산구 한강대로23길 55,126.96462961258051,37.52977356999725
1252,신촌,경의선,P312,신촌역 경의선,서울 서대문구 신촌역로 30,126.94208931819857,37.55967513765615
1270,행신,경의선,K320,행신역 경의선,경기 고양시 덕양구 소원로 102,126.83428827682994,37.612121606726944
1282,월롱,경의선,K333,월롱역 경의선,경기 파주시 월롱면 통일로 980,126.792585875504,37.7962146380874
1285,임진강,경의선,K336,임진강역 경의선,경기 파주시 문산읍 임진각로 115,126.747078454706,37.8882750558283
1317,평내호평,경춘선,P128,평내호평역 경춘선,경기 남양주시 경춘로 1375,127.244438968688,37.6532138128125
1323,가평,경춘선,P134,가평역 경춘선,경기 가평군 가평읍 문화로 13-42,127.51073942455,37.8145200514507
1405,배방,01호선,P174,배방역 1호선,충남 아산시 배방읍 온천대로 1967,127.052788090648,36.7776965014173
1451,경마공원,04호선,436,경마공원역 4호선,경기 과천시 경마공원대로 지하 105,127.007838042533,37.4439629881231
1506,곤지암,경강선,K415,곤지암역 경강선,경기 광주시 곤지암읍 곤지암천로 333,127.346251343712,37.3505395429634
0413,쌍문,04호선,413,쌍문역 4호선,서울 도봉구 도봉로 지하 486-1,127.03465609756,37.6485426057036
0424,명동,04호선,424,명동역 4호선,서울 중구 퇴계로 지하 126,126.98640235001736,37.56096526943837
1002,남영,01호선,134,남영역 1호선,서울 용산구 한강대로77길 25,126.97133096608212,37.540566672483216
1024,한티,수인분당선,K216,한티역 수인분당선,서울 강남구 선릉로 지하 228,127.052909749417,37.4962857047653
1309,상봉,경춘선,P120,상봉역 경춘선,서울 중랑구 망우로 297,127.085085690038,37.5969733432502
1321,청평,경춘선,P132,청평역 경춘선,경기 가평군 청평면 청평역로 97-33,127.426622860785,37.7355163992466
1508,이천,경강선,K417,이천역 경강선,경기 이천시 이섭대천로 1063,127.44216788016918,37.264225761758865
1719,오산,01호선,P160,오산역 1호선,경기 오산시 역광장로 59,127.066630122646,37.1447171633287
1822,중동,01호선,149,중동역 1호선,경기 부천시 중동로 73,126.764535113735,37.4866816250266
1868,영통,수인분당선,K240,영통역 수인분당선,경기 수원시 영통구 봉영로 지하 1560,127.07133191773,37.2515035095752
1980,김포공항,서해선,838,김포공항역 서해선,서울 강서구 하늘길 지하 77,126.804151698874,37.5617956120178
2513,김포공항,05호선,512,김포공항역 5호선,서울 강서구 하늘길 지하 77,126.80125680693868,37.56209981580658
2517,우장산,05호선,516,우장산역 5호선,서울 강서구 강서로 지하 262,126.83632627213518,37.54881618721654
101C,회기,경의선,K118,회기역 경의선,서울 동대문구 회기로 196,127.05782624137,37.5895296349726
1202,상봉,경의선,K120,상봉역 경의선,서울 중랑구 망우로55길 11-10,127.092367383432,37.5992960295399
1209,도심,경의선,K127,도심역 경의선,경기 남양주시 와부읍 덕소로 237,127.222683857886,37.579639075911
1263,서강대,경의선,K313,서강대역 경의선,서울 마포구 서강로 지하 118,126.935507621173,37.5521384864879
1274,풍산,경의선,K325,풍산역 경의선,경기 고양시 일산동구 경의로 486,126.786275217066,37.6723381857514
1307,회기,경춘선,P118,회기역 경춘선,서울 동대문구 회기로 196,127.058537601316,37.5899221169641
1315,사릉,경춘선,P126,사릉역 경춘선,경기 남양주시 진건읍 진건우회로 63,127.17692620365439,37.65112427884554
1503,삼동,경강선,K412,삼동역 경강선,경기 광주시 순암로 451,127.20338391386589,37.40868738382225
1705,관악,01호선,P146,관악역 1호선,경기 안양시 만안구 경수대로1273번길 46,126.90849999541258,37.41956795517324
1806,부평,01호선,152,부평역 1호선,인천 부평구 광장로 16,126.724331088618,37.4894490429055
1808,동암,01호선,154,동암역 1호선,인천 부평구 동암광장로 10,126.702889753462,37.4706957867304
1809,주안,01호선,156,주안역 1호선,인천 미추홀구 주안로 95-19,126.67996793218974,37.46505238644672
1811,동인천,01호선,160,동인천역 1호선,인천 중구 참외전로 121,126.63261605410459,37.4754032677399
1815,부개,01호선,151,부개역 1호선,인천 부평구 수변로 22,126.740730089704,37.488477043182
1879,월곶,수인분당선,K260,월곶역 수인분당선,경기 시흥시 월곶중앙로14번길 56,126.742707561155,37.3918207044367
1910,덕계,01호선,106,덕계역 1호선,경기 양주시 덕계로 126,127.056691678415,37.8187525814885
2515,마곡,05호선,514,마곡역 5호선,서울 강서구 공항대로 지하 163,126.82469691791624,37.56022863776301
2526,신길,05호선,525,신길역 5호선,서울 영등포구 경인로114가길 지하 9,126.914913947722,37.517663974187
1267,수색,경의선,K317,수색역 경의선,서울 은평구 수색로 261-1,126.895659474538,37.5808625683358
1273,백마,경의선,K324,백마역 경의선,경기 고양시 일산동구 경의로 318,126.79461646967,37.658016621853
1313,별내,경춘선,P124,별내역 경춘선,경기 남양주시 경춘북로 375,127.126969149167,37.6420679726917
1403,아산,01호선,P172,아산역 1호선,충남 아산시 배방읍 희망로 90,127.104076682696,36.7921165665983
1453,과천,04호선,438,과천역 4호선,경기 과천시 별양로 지하 177,126.99661712263098,37.43287530237988
1457,범계,04호선,442,범계역 4호선,경기 안양시 동안구 동안로 지하 130,126.950783269518,37.3897837540429
1505,초월,경강선,K414,초월역 경강선,경기 광주시 초월읍 경충대로 1066,127.299905223152,37.3733791295012
1507,신둔도예촌,경강선,K416,신둔도예촌역 경강선,경기 이천시 신둔면 남정로 55,127.40524300441095,37.3156131233126
1729,당정,01호선,P151,당정역 1호선,경기 군포시 당정역로 91,126.94837119045768,37.343689819399884
1758,초지,04호선,452,초지역 4호선,경기 안산시 단원구 중앙대로 620,126.80647314589804,37.3204403767323
1955,마두,03호선,312,마두역 3호선,경기 고양시 일산동구 중앙로 지하 1180,126.77761059652867,37.65224113444557
1957,주엽,03호선,310,주엽역 3호선,경기 고양시 일산서구 중앙로 지하 1432,126.761263524195,37.6701494878278
1958,대화,03호선,309,대화역 3호선,경기 고양시 일산서구 중앙로 지하 1569,126.747500970967,37.676157377075
2519,까치산,05호선,518,까치산역 5호선,서울 강서구 강서로 지하 54,126.846444264065,37.5322306724471
1329,춘천,경춘선,P140,춘천역 경춘선,강원특별자치도 춘천시 공지로 591,127.716698593345,37.884512737384
1454,정부과천청사,04호선,439,정부과천청사역 4호선,경기 과천시 중앙로 지하 100,126.989868044926,37.4265047272927
1501,판교,경강선,K410,판교역 경강선,경기 성남시 분당구 판교역로 지하 160,127.111982699564,37.394775885643
1509,부발,경강선,K418,부발역 경강선,경기 이천시 부발읍 신아로 87,127.490321502069,37.2603923465465
1710,의왕,01호선,P152,의왕역 1호선,경기 의왕시 철도박물관로 66,126.9479765012,37.3203421132836
1716,병점,01호선,P157,병점역 1호선,경기 화성시 떡전골로 97,127.03320037309325,37.206752699495524
1727,두정,01호선,P168,두정역 1호선,충남 천안시 서북구 두정로 289,127.14894257701431,36.833981274461074
1749,서동탄,01호선,P157-1,서동탄역 1호선,경기 오산시 외삼미로15번길 75-60,127.051856779194,37.1957351505295
1759,안산,04호선,453,안산역 4호선,경기 안산시 단원구 중앙대로 462,126.7892163493839,37.32685867641246
1762,오이도,04호선,456,오이도역 4호선,경기 시흥시 역전로 430,126.73840352940697,37.36170269464333
1810,제물포,01호선,158,제물포역 1호선,인천 미추홀구 경인로 129,126.65749387411809,37.466819329634994
2549,강동,05호선,548,강동역 5호선,서울 강동구 천호대로 지하 1097,127.132396300314,37.5358819145235
2553,고덕,05호선,552,고덕역 5호선,서울 강동구 고덕로 지하 253,127.15416500963447,37.55504766830918
1717,세마,01호선,P158,세마역 1호선,경기 오산시 세마역로 88,127.043426817312,37.1871352848477
1723,평택지제,01호선,P164,평택지제역 1호선,경기 평택시 경기대로 777,127.07051382655925,37.01890215095567
1760,신길온천,04호선,454,신길온천역 4호선,경기 안산시 단원구 황고개로 2,126.76752183250063,37.33737450574518
1801,개봉,01호선,143,개봉역 1호선,서울 구로구 경인로40길 47,126.858715959622,37.4946417150651
1807,백운,01호선,153,백운역 1호선,인천 부평구 마장로55번길 14,126.707294407871,37.483342495597
1830,한대앞,수인분당선,K251,한대앞역 수인분당선,경기 안산시 상록구 충장로 337,126.85324560267,37.3102070123702
1831,중앙,수인분당선,K252,중앙역 수인분당선,경기 안산시 단원구 중앙대로 918,126.8379593376949,37.316040183909934
1876,야목,수인분당선,K249,야목역 수인분당선,경기 화성시 매송면 본오매송로 286,126.883773399214,37.2614226743824
1889,숭의,수인분당선,K270,숭의역 수인분당선,인천 미추홀구 인주대로 지하 6,126.63841022084426,37.460799611154286
2538,청구,05호선,537,청구역 5호선,서울 중구 청구로 지하 77,127.013943845279,37.5602101936978
2562,강일,05호선,554,강일역 5호선,서울 강동구 고덕로 지하 456,127.175680183486,37.5574259795986
2625,광흥창,06호선,624,광흥창역 6호선,서울 마포구 독막로 지하 165,126.93202965599583,37.54748648317645
2626,대흥,06호선,625,대흥역 6호선,서울 마포구 대흥로 지하 85,126.942473188734,37.5476479056751
2630,녹사평,06호선,629,녹사평역 6호선,서울 용산구 녹사평대로 지하 195,126.9865496751,37.5347227952064
1832,고잔,수인분당선,K253,고잔역 수인분당선,경기 안산시 단원구 중앙대로 784,126.822470479766,37.3168252865338
1846,수원,수인분당선,K245,수원역 수인분당선,경기 수원시 팔달구 덕영대로 924,127.00004960484385,37.26568218296588
1848,압구정로데오,수인분당선,K212,압구정로데오역 수인분당선,서울 강남구 압구정로 지하 402,127.0406027693898,37.5275184818021
1865,기흥,수인분당선,K237,기흥역 수인분당선,경기 용인시 기흥구 중부대로 지하 460,127.115955078051,37.2754972009506
1867,청명,수인분당선,K239,청명역 수인분당선,경기 수원시 영통구 봉영로 지하 1670,127.078969000537,37.2595395723925
1869,망포,수인분당선,K241,망포역 수인분당선,경기 수원시 영통구 덕영대로 지하 1520,127.056854781327,37.2458383703858
1872,매교,수인분당선,K244,매교역 수인분당선,경기 수원시 팔달구 효원로 지하 126,127.01590057208,37.2655153235144
1874,오목천,수인분당선,K247,오목천역 수인분당선,경기 수원시 권선구 삼천병마로 지하 1570,126.963902835862,37.2433596329495
1875,어천,수인분당선,K248,어천역 수인분당선,경기 화성시 매송면 어천역길 8,126.90880001435008,37.25008784954119
1903,도봉산,01호선,113,도봉산역 1호선,서울 도봉구 도봉로 948,127.04606271663916,37.68951167833238
1916,소요산,01호선,100,소요산역 1호선,경기 동두천시 평화로 2925,127.061128608638,37.9488975919392
2516,발산,05호선,515,발산역 5호선,서울 강서구 공항대로 지하 267,126.83773640693936,37.558677743241596
2518,화곡,05호선,517,화곡역 5호선,서울 강서구 화곡로 지하 168,126.840455026335,37.5416507925709
2552,명일,05호선,551,명일역 5호선,서울 강동구 양재대로 지하 1632,127.14404374474,37.5513978958277
2557,방이,05호선,P551,방이역 5호선,서울 송파구 양재대로 지하 1127,127.126096046986,37.5087506251989
2564,하남풍산,05호선,556,하남풍산역 5호선,경기 하남시 덕풍서로 지하 50,127.204006631381,37.5522898049699
2565,하남시청,05호선,557,하남시청역 5호선,경기 하남시 하남대로 지하 820,127.206298162203,37.5419775122576
2566,하남검단산,05호선,558,하남검단산역 5호선,경기 하남시 대청로 지하 100,127.223219337317,37.5398032640088
1881,인천논현,수인분당선,K262,인천논현역 수인분당선,인천 남동구 청능대로 567,126.722452080127,37.4006589466073
1888,인하대,수인분당선,K269,인하대역 수인분당선,인천 미추홀구 독배로 지하 313,126.649763418519,37.4483386165197
1907,가능,01호선,109,가능역 1호선,경기 의정부시 평화로 633,127.044288264841,37.7483963196456
1908,녹양,01호선,108,녹양역 1호선,경기 의정부시 평화로 757,127.042279351606,37.759385253302
1914,보산,01호선,102,보산역 1호선,경기 동두천시 평화로 2539,127.0571810247491,37.914144018035586
2528,여의나루,05호선,527,여의나루역 5호선,서울 영등포구 여의동로 지하 343,126.93298596744,37.5271469489465
2531,애오개,05호선,530,애오개역 5호선,서울 마포구 마포대로 지하 210,126.956669363197,37.5534131497489
2532,충정로,05호선,531,충정로역 5호선,서울 서대문구 충정로 지하 28-1,126.96303964820936,37.56042867918723
2533,서대문,05호선,532,서대문역 5호선,서울 종로구 통일로 지하 126,126.96663755850754,37.56575193662503
2534,광화문,05호선,533,광화문역 5호선,서울 종로구 세종대로 지하 172,126.97642427981408,37.57164860977568
2612,역촌,06호선,611,역촌역 6호선,서울 은평구 서오릉로 지하 63,126.9228437430386,37.60622745935512
2623,합정,06호선,622,합정역 6호선,서울 마포구 양화로 지하 45,126.91421318621,37.5487840343032
2643,상월곡,06호선,642,상월곡역 6호선,서울 성북구 화랑로 지하 157,127.048829192974,37.6065588265169
2644,돌곶이,06호선,643,돌곶이역 6호선,서울 성북구 화랑로 지하 243,127.0564381246322,37.61054501416126
2645,석계,06호선,644,석계역 6호선,서울 노원구 화랑로 지하 347-1,127.066703301093,37.6151491167469
2647,화랑대,06호선,646,화랑대역 6호선,서울 노원구 화랑로 지하 510,127.08354181123269,37.61984245540276
2819,문정,08호선,818,문정역 8호선,서울 송파구 송파대로 지하 179,127.122484886901,37.4860310539381
1891,인천,수인분당선,K272,인천역 수인분당선,인천 중구 제물량로 269,126.617398357613,37.4764686136348
2622,망원,06호선,621,망원역 6호선,서울 마포구 월드컵로 지하 77,126.910094329982,37.5560826563712
2627,공덕,06호선,626,공덕역 6호선,서울 마포구 백범로 지하 200,126.95189540256291,37.543530049331636
2629,삼각지,06호선,628,삼각지역 6호선,서울 용산구 한강대로 지하 185,126.9740539626925,37.535607295640936
2635,청구,06호선,634,청구역 6호선,서울 중구 청구로 지하 77,127.014165812912,37.5609165488093
2636,신당,06호선,635,신당역 6호선,서울 중구 다산로 지하 260,127.01617590593352,37.56609251486158
2637,동묘앞,06호선,636,동묘앞역 6호선,서울 종로구 지봉로 지하 24,127.015725557994,37.5721715926337
2638,창신,06호선,637,창신역 6호선,서울 종로구 지봉로 지하 112,127.01529688465331,37.57941474393655
2641,고려대,06호선,640,고려대역 6호선,서울 성북구 종암로 지하 1,127.03630828564728,37.59044191064368
2642,월곡,06호선,641,월곡역 6호선,서울 성북구 월곡로 지하 107,127.041460725816,37.6018044172918
2648,봉화산,06호선,647,봉화산역 6호선,서울 중랑구 신내로 지하 232,127.09136011564394,37.617350836302734
2711,장암,07호선,709,장암역 7호선,경기 의정부시 동일로 121,127.052818310578,37.699956566426
2712,도봉산,07호선,710,도봉산역 7호선,서울 도봉구 도봉로 964-40,127.046425596353,37.6896304650032
2714,마들,07호선,712,마들역 7호선,서울 노원구 동일로 지하 1530-1,127.057712619869,37.6652017465321
2715,노원,07호선,713,노원역 7호선,서울 노원구 동일로 지하 1409,127.06055556456411,37.6545110763411
2722,상봉,07호선,720,상봉역 7호선,서울 중랑구 망우로 297,127.085754455388,37.5955853328943
2556,올림픽공원,05호선,P550,올림픽공원역 5호선,서울 송파구 양재대로 지하 1233,127.130963675401,37.5163389870117
2561,마천,05호선,P555,마천역 5호선,서울 송파구 마천로57길 지하 7,127.152859864985,37.4950381629493
2563,미사,05호선,555,미사역 5호선,경기 하남시 미사강변동로 지하 90,127.192490980441,37.562991348199
2615,연신내,06호선,614,연신내역 6호선,서울 은평구 통일로 지하 849,126.921100704496,37.6192032466353
2616,구산,06호선,615,구산역 6호선,서울 은평구 연서로 지하 137-1,126.91725947715172,37.61124669148435
2628,효창공원앞,06호선,627,효창공원앞역 6호선,서울 용산구 백범로 지하 287,126.96139810075,37.5393087503306
2716,중계,07호선,714,중계역 7호선,서울 노원구 동일로 지하 1308-1,127.06411035896,37.6450921230569
2717,하계,07호선,715,하계역 7호선,서울 노원구 동일로 지하 1196,127.067991278758,37.6364765391858
2718,공릉,07호선,716,공릉역 7호선,서울 노원구 동일로 지하 1074,127.073033585328,37.6255427648558
2720,먹골,07호선,718,먹골역 7호선,서울 중랑구 동일로 지하 901,127.077762187968,37.6106193846197
2721,중화,07호선,719,중화역 7호선,서울 중랑구 동일로 지하 797,127.079312037122,37.6025526943256
2723,면목,07호선,721,면목역 7호선,서울 중랑구 면목로 지하 407,127.087503803859,37.5887148877725
2724,사가정,07호선,722,사가정역 7호선,서울 중랑구 사가정로 지하 393,127.088504554212,37.5809403751459
2725,용마산,07호선,723,용마산역 7호선,서울 중랑구 용마산로 지하 227,127.08671982507775,37.57366797492471
2736,고속터미널,07호선,734,고속터미널역 7호선,서울 서초구 신반포로 지하 188,127.005007834609,37.5033865633062
2649,신내,06호선,648,신내역 6호선,서울 중랑구 용마산로136길 33,127.104271439503,37.6124910157349
2726,중곡,07호선,724,중곡역 7호선,서울 광진구 능동로 지하 417,127.08431236632154,37.56592206115955
2727,군자,07호선,725,군자역 7호선,서울 광진구 천호대로 지하 550,127.079844019721,37.5577765558418
2728,어린이대공원,07호선,726,어린이대공원역 7호선,서울 광진구 능동로 지하 210,127.07465525507352,37.54796087622509
2729,건대입구,07호선,727,건대입구역 7호선,서울 광진구 능동로 지하 110,127.071104284458,37.5408686005702
2730,뚝섬유원지,07호선,728,뚝섬유원지역 7호선,서울 광진구 능동로 10,127.066796230331,37.5315583755646
2731,청담,07호선,729,청담역 7호선,서울 강남구 학동로 지하 508,127.053717937903,37.519455579961
2732,강남구청,07호선,730,강남구청역 7호선,서울 강남구 학동로 지하 346,127.0413109462156,37.51721617197854
2733,학동,07호선,731,학동역 7호선,서울 강남구 학동로 지하 180,127.03190190063152,37.51434578734927
2734,논현,07호선,732,논현역 7호선,서울 강남구 학동로 지하 102,127.02165424259898,37.51120000205266
2735,반포,07호선,733,반포역 7호선,서울 서초구 신반포로 지하 241,127.011586161943,37.5081614290284
2737,내방,07호선,735,내방역 7호선,서울 서초구 서초대로 지하 103,126.993600180589,37.4876585212369
2738,이수,07호선,736,이수역 7호선,서울 동작구 사당로 지하 310,126.98167629035197,37.48528852311765
2739,남성,07호선,737,남성역 7호선,서울 동작구 사당로 지하 218,126.97091020065321,37.484793511299706
2740,숭실대입구,07호선,738,숭실대입구역 7호선,서울 동작구 상도로 지하 378,126.953621963422,37.4963172817574
2818,가락시장,08호선,817,가락시장역 8호선,서울 송파구 송파대로 지하 257,127.118262745146,37.4930992522183
2713,수락산,07호선,711,수락산역 7호선,서울 노원구 동일로 지하 1662,127.055350968781,37.6778814656816
2741,상도,07호선,739,상도역 7호선,서울 동작구 상도로 지하 272,126.947917975554,37.5028706251049
2742,장승배기,07호선,740,장승배기역 7호선,서울 동작구 상도로 지하 188,126.939072381356,37.5048990621814
2743,신대방삼거리,07호선,741,신대방삼거리역 7호선,서울 동작구 상도로 지하 76,126.92821094566965,37.499757228908564
2744,보라매,07호선,742,보라매역 7호선,서울 동작구 상도로 지하 2,126.92061230710924,37.49992085496506
2745,신풍,07호선,743,신풍역 7호선,서울 영등포구 신풍로 지하 27,126.90975434386,37.5001229935524
2820,장지,08호선,819,장지역 8호선,서울 송파구 송파대로 지하 82,127.12617656737,37.4786316933099
2821,복정,08호선,820,복정역 8호선,서울 송파구 송파대로 지하 6,127.126724009736,37.4707418689753
3119,부평시장,인천선,I119,부평시장역 인천1호선,인천 부평구 부평대로 지하 69,126.722285373949,37.4983641942962
3136,인천대입구,인천선,I136,인천대입구역 인천1호선,인천 연수구 인천타워대로 지하 155,126.639542234479,37.3862063921103
3202,왕길,인천2호선,I202,왕길역 인천2호선,인천 서구 검단로 323,126.642477372147,37.595129055954
3222,석천사거리,인천2호선,I222,석천사거리역 인천2호선,인천 남동구 구월로 지하 181,126.710422456642,37.4567884972007
4103,공항시장,09호선,903,공항시장역 9호선,서울 강서구 방화동로 지하 30,126.81060964296609,37.56368922800772
4120,동작,09호선,920,동작역 9호선,서울 동작구 현충로 지하 220,126.97854611382496,37.502744106282044
4121,구반포,09호선,921,구반포역 9호선,서울 서초구 신반포로 지하 17,126.987464905696,37.5014398319603
4307,강남,신분당선,D7,강남역 신분당선,서울 강남구 강남대로 지하 396,127.028185245594,37.4967771303817
4411,관악산,신림선,S411,관악산역 신림선,서울 관악구 신림로 23,126.94509952208,37.4690860478461
2746,대림,07호선,744,대림역 7호선,서울 영등포구 도림로 지하 137,126.896722858042,37.4928430008915
2747,남구로,07호선,745,남구로역 7호선,서울 구로구 도림로 지하 7,126.88741505160269,37.48625714438263
2748,가산디지털단지,07호선,746,가산디지털단지역 7호선,서울 금천구 벚꽃로 309,126.882661758356,37.4803959660982
2749,철산,07호선,747,철산역 7호선,경기 광명시 철산로 지하 13,126.868211027014,37.4761928424537
2750,광명사거리,07호선,748,광명사거리역 7호선,경기 광명시 오리로 지하 980,126.854873735158,37.4792983082726
2751,천왕,07호선,749,천왕역 7호선,서울 구로구 오리로 지하 1154,126.83860534807998,37.48685558277736
2752,온수,07호선,750,온수역 7호선,서울 구로구 경인로3길 지하 64,126.823847928009,37.4919675365056
2811,암사,08호선,810,암사역 8호선,서울 강동구 올림픽로 지하 776,127.12754072968517,37.55015818096496
2812,천호,08호선,811,천호역 8호선,서울 강동구 천호대로 지하 997,127.12320335921426,37.537936231906734
2813,강동구청,08호선,812,강동구청역 8호선,서울 강동구 올림픽로 지하 550,127.12044373032,37.5302111983522
2814,몽촌토성,08호선,813,몽촌토성역 8호선,서울 송파구 올림픽로 지하 383,127.11286534895457,37.5178055794687
2815,잠실,08호선,814,잠실역 8호선,서울 송파구 올림픽로 305,127.103270523629,37.5143121584933
2816,석촌,08호선,815,석촌역 8호선,서울 송파구 송파대로 지하 439,127.107004062699,37.5054141216925
2817,송파,08호선,816,송파역 8호선,서울 송파구 송파대로 지하 354,127.112193506363,37.4997149535067
2822,산성,08호선,822,산성역 8호선,경기 성남시 수정구 수정로 지하 365,127.14994186233623,37.456881468719025
2823,남한산성입구,08호선,823,남한산성입구역 8호선,경기 성남시 수정구 산성대로 지하 445,127.159882577768,37.4516686968693
2824,단대오거리,08호선,824,단대오거리역 8호선,경기 성남시 수정구 산성대로 지하 365,127.156769790167,37.44502248894697
2825,신흥,08호선,825,신흥역 8호선,경기 성남시 수정구 산성대로 지하 280,127.147538132656,37.4409230460675
2826,수진,08호선,826,수진역 8호선,경기 성남시 수정구 산성대로 지하 200,127.140534508419,37.4373779787206
2827,모란,08호선,827,모란역 8호선,경기 성남시 수정구 산성대로 지하 100,127.129970457799,37.4340382896277
2828,남위례,08호선,821,남위례역 8호선,경기 성남시 수정구 공원로 601,127.139350997519,37.4627230752808
3110,계양,인천선,I110,계양역 인천1호선,인천 계양구 다남로 24,126.73633456381877,37.571517804153075
3111,귤현,인천선,I111,귤현역 인천1호선,인천 계양구 장제로 1136,126.742679119614,37.5662988350728
3112,박촌,인천선,I112,박촌역 인천1호선,인천 계양구 장제로 지하 992,126.74506746745,37.5536612597496
3113,임학,인천선,I113,임학역 인천1호선,인천 계양구 장제로 지하 875,126.738633379569,37.5450120455649
3114,계산,인천선,I114,계산역 인천1호선,인천 계양구 경명대로 지하 1089,126.7277312169,37.5433079533771
3115,경인교대입구,인천선,I115,경인교대입구역 인천1호선,인천 계양구 계양대로 지하 162,126.722631302651,37.538124360683
3116,작전,인천선,I116,작전역 인천1호선,인천 계양구 계양대로 지하 73,126.722560827351,37.5302710952892
3117,갈산,인천선,I117,갈산역 인천1호선,인천 부평구 부평대로 지하 286,126.721550773775,37.5171177260985
3118,부평구청,인천선,I118,부평구청역 인천1호선,인천 부평구 부평대로 지하 189,126.720583092527,37.5084658276667
3120,부평,인천선,I120,부평역 인천1호선,인천 부평구 광장로 지하 15,126.723454741807,37.4903768319169
3121,동수,인천선,I121,동수역 인천1호선,인천 부평구 경인로 지하 877,126.718606270842,37.4855071635951
3122,부평삼거리,인천선,I122,부평삼거리역 인천1호선,인천 부평구 경인로 지하 765,126.71029378166388,37.477834830017315
3123,간석오거리,인천선,I123,간석오거리역 인천1호선,인천 남동구 경인로 지하 642,126.707918490817,37.4670826685298
3124,인천시청,인천선,I124,인천시청역 인천1호선,인천 남동구 예술로 지하 264,126.70223575350143,37.45773583769292
3125,예술회관,인천선,I125,예술회관역 인천1호선,인천 남동구 예술로 지하 172,126.700916120922,37.4485259845342
3126,인천터미널,인천선,I126,인천터미널역 인천1호선,인천 미추홀구 예술로 지하 85,126.699694889876,37.4419166733897
3127,문학경기장,인천선,I127,문학경기장역 인천1호선,인천 연수구 예술로 지하 2,126.698449383593,37.4346513434001
3128,선학,인천선,I128,선학역 인천1호선,인천 연수구 경원대로 지하 480,126.69892316532737,37.4269470843403
3129,신연수,인천선,I129,신연수역 인천1호선,인천 연수구 경원대로 지하 368,126.694019681969,37.4181081550544
3130,원인재,인천선,I130,원인재역 인천1호선,인천 연수구 경원대로 지하 285,126.687889114089,37.4123688782408
3131,동춘,인천선,I131,동춘역 인천1호선,인천 연수구 경원대로 지하 180,126.680851046438,37.404576119239
3132,동막,인천선,I132,동막역 인천1호선,인천 연수구 경원대로 지하 80,126.673448014592,37.3979424375979
3133,캠퍼스타운,인천선,I133,캠퍼스타운역 인천1호선,인천 연수구 송도국제대로 지하 66,126.662206121031,37.38844295632
3134,테크노파크,인천선,I134,테크노파크역 인천1호선,인천 연수구 송도국제대로 지하 150,126.656299104753,37.3822809834253
3135,지식정보단지,인천선,I135,지식정보단지역 인천1호선,인천 연수구 인천타워대로 지하 57,126.645861381029,37.37750721892
3137,센트럴파크,인천선,I137,센트럴파크역 인천1호선,인천 연수구 인천타워대로 지하 240,126.634988814949,37.3928455432657
3138,국제업무지구,인천선,I138,국제업무지구역 인천1호선,인천 연수구 인천타워대로 지하 334,126.630542158102,37.3996578386606
3139,송도달빛축제공원,인천선,I139,송도달빛축제공원역 인천1호선,인천 연수구 인천타워대로 지하 424,126.62601790846256,37.406920219431996
3201,검단오류,인천2호선,I201,검단오류역 인천2호선,인천 서구 검단로 187,126.627907494962,37.5949434686845
3203,검단사거리,인천2호선,I203,검단사거리역 인천2호선,인천 서구 검단로 473,126.65643839271,37.6016612295398
3204,마전,인천2호선,I204,마전역 인천2호선,인천 서구 완정로 68,126.667223457118,37.5976340869751
3205,완정,인천2호선,I205,완정역 인천2호선,인천 서구 원당대로 650,126.673033100577,37.5928390497566
3206,독정,인천2호선,I206,독정역 인천2호선,인천 서구 서곶로 760,126.67600264877679,37.58484825991949
3207,검암,인천2호선,I207,검암역 인천2호선,인천 서구 검바위로 4,126.67567426472,37.5686781799536
3208,검바위,인천2호선,I208,검바위역 인천2호선,인천 서구 서곶로 492,126.677531491203,37.5611257424349
3209,아시아드경기장,인천2호선,I209,아시아드경기장역 인천2호선,인천 서구 서곶로 382,126.677107520162,37.5513145630525
3210,서구청,인천2호선,I210,서구청역 인천2호선,인천 서구 서곶로 294,126.676844673062,37.5440446154284
3211,가정,인천2호선,I211,가정역 인천2호선,인천 서구 봉오대로 234,126.675357432309,37.5248168619511
3212,가정중앙시장,인천2호선,I212,가정중앙시장역 인천2호선,인천 서구 가남로 400,126.676823324228,37.5175263931377
3213,석남,인천2호선,I213,석남역 인천2호선,인천 서구 길주로 지하 120,126.676149271119,37.5062431189861
3214,서부여성회관,인천2호선,I214,서부여성회관역 인천2호선,인천 서구 가석로 169,126.675870541598,37.5003434953542
3215,인천가좌,인천2호선,I215,인천가좌역 인천2호선,인천 서구 가석로 67,126.675242029489,37.4898360731372
3216,가재울,인천2호선,I216,가재울역 인천2호선,인천 서구 열우물로 252,126.683769149033,37.4841504406643
3217,주안국가산단,인천2호선,I217,주안국가산단역 인천2호선,인천 서구 방축로 343,126.68122005538342,37.47391267095278
3218,주안,인천2호선,I218,주안역 인천2호선,인천 미추홀구 주안로 지하 91-1,126.679015725246,37.4651552217129
3219,시민공원,인천2호선,I219,시민공원역 인천2호선,인천 미추홀구 경인로 지하 371,126.681074618963,37.4583852139167
3220,석바위시장,인천2호선,I220,석바위시장역 인천2호선,인천 미추홀구 구월로 지하 19,126.692353074376,37.4576690774014
3221,인천시청,인천2호선,I221,인천시청역 인천2호선,인천 미추홀구 구월로 지하 19,126.692353074376,37.4576690774014
3223,모래내시장,인천2호선,I223,모래내시장역 인천2호선,인천 남동구 구월로 지하 255,126.719621557604,37.4558628174958
3224,만수,인천2호선,I224,만수역 인천2호선,인천 남동구 구월로 지하 367,126.731736248865,37.4549755117309
3225,남동구청,인천2호선,I225,남동구청역 인천2호선,인천 남동구 인주대로 지하 889,126.736565773149,37.4481747324298
3226,인천대공원,인천2호선,I226,인천대공원역 인천2호선,인천 남동구 수인로 3677,126.752851963764,37.4484766105613
3227,운연,인천2호선,I227,운연역 인천2호선,인천 남동구 매소홀로 1229,126.759606687799,37.4396425989597
3753,까치울,07호선,751,까치울역 7호선,경기 부천시 길주로 지하 626,126.81133962285816,37.506227351130065
3754,부천종합운동장,07호선,752,부천종합운동장역 7호선,경기 부천시 길주로 지하 502,126.797233841984,37.5054255130821
3755,춘의,07호선,753,춘의역 7호선,경기 부천시 길주로 지하 406,126.786996627015,37.5036991939036
3756,신중동,07호선,754,신중동역 7호선,경기 부천시 길주로 지하 314,126.776897204578,37.5029525402622
3757,부천시청,07호선,755,부천시청역 7호선,경기 부천시 길주로 지하 202,126.76401271224958,37.504657430273305
3758,상동,07호선,756,상동역 7호선,경기 부천시 길주로 지하 104,126.753192450274,37.50578860265
3759,삼산체육관,07호선,757,삼산체육관역 7호선,인천 부평구 길주로 지하 713,126.7414221320359,37.50650314706075
3760,굴포천,07호선,758,굴포천역 7호선,인천 부평구 길주로 지하 623,126.7313475774674,37.50704649360379
3761,부평구청,07호선,759,부평구청역 7호선,인천 부평구 길주로 지하 527,126.72143971800028,37.50743350044892
3762,산곡,07호선,760,산곡역 7호선,인천 부평구 길주로 지하 379,126.703543714352,37.5086071956774
3763,석남,07호선,761,석남역 7호선,인천 서구 길주로 지하 120,126.676149271119,37.5062431189861
4101,개화,09호선,901,개화역 9호선,서울 강서구 개화동로8길 19,126.796891362602,37.5783445148797
4102,김포공항,09호선,902,김포공항역 9호선,서울 강서구 하늘길 지하 77,126.80191361988808,37.56196757232288
4104,신방화,09호선,904,신방화역 9호선,서울 강서구 방화대로 지하 301,126.81723757150974,37.56748745669626
4105,마곡나루,09호선,905,마곡나루역 9호선,서울 강서구 마곡중앙5로 지하 2,126.827420928424,37.5667126094974
4106,양천향교,09호선,906,양천향교역 9호선,서울 강서구 양천로 지하 341,126.841978835328,37.5680808809647
4107,가양,09호선,907,가양역 9호선,서울 강서구 양천로 지하 485,126.85442142615852,37.56143311719883
4108,증미,09호선,908,증미역 9호선,서울 강서구 양천로 지하 560,126.86063675500975,37.558133059903305
4109,등촌,09호선,909,등촌역 9호선,서울 강서구 공항대로 지하 529,126.86557100595411,37.550728980328884
4110,염창,09호선,910,염창역 9호선,서울 강서구 공항대로 지하 631,126.874871603971,37.546982941543
4111,신목동,09호선,911,신목동역 9호선,서울 양천구 목동중앙로 지하 217,126.883095790252,37.5442883741577
4112,선유도,09호선,912,선유도역 9호선,서울 영등포구 양평로 지하 124,126.89333386450167,37.53815865606546
4113,당산,09호선,913,당산역 9호선,서울 영등포구 양평로 지하 40,126.902165052778,37.5337892432802
4114,국회의사당,09호선,914,국회의사당역 9호선,서울 영등포구 국회대로 지하 758,126.91783895106,37.5281465047706
4115,여의도,09호선,915,여의도역 9호선,서울 영등포구 의사당대로 지하 101,126.92466104293,37.5211700890445
4116,샛강,09호선,916,샛강역 9호선,서울 영등포구 의사당대로 지하 166,126.9283750591322,37.51737287009036
4117,노량진,09호선,917,노량진역 9호선,서울 동작구 노량진로 지하 130,126.940893179777,37.5135856714992
4118,노들,09호선,918,노들역 9호선,서울 동작구 노량진로 지하 238,126.953096069577,37.5126721234205
4119,흑석,09호선,919,흑석역 9호선,서울 동작구 현충로 지하 90,126.963463063008,37.5091654719404
4122,신반포,09호선,922,신반포역 9호선,서울 서초구 신반포로 지하 105,126.996082392175,37.5035091412544
4124,사평,09호선,924,사평역 9호선,서울 서초구 사평대로 지하 285,127.015272484531,37.5042326273953
4125,신논현,09호선,925,신논현역 9호선,서울 강남구 봉은사로 지하 102,127.025492036104,37.504811111562
4126,언주,09호선,926,언주역 9호선,서울 강남구 봉은사로 지하 201,127.033970921595,37.5073353959717
4127,선정릉,09호선,927,선정릉역 9호선,서울 강남구 선릉로 지하 580,127.0440148858615,37.51032431709664
4128,삼성중앙,09호선,928,삼성중앙역 9호선,서울 강남구 봉은사로 지하 501,127.053043676912,37.5129614511319
4130,종합운동장,09호선,930,종합운동장역 9호선,서울 송파구 올림픽로 지하 23,127.076324485585,37.5114097871778
4131,삼전,09호선,931,삼전역 9호선,서울 송파구 백제고분로 지하 189,127.08736363126373,37.504549097056476
4132,석촌고분,09호선,932,석촌고분역 9호선,서울 송파구 백제고분로 지하 274,127.0965081858022,37.50246245994369
4133,석촌,09호선,933,석촌역 9호선,서울 송파구 백제고분로 지하 368,127.10676479806769,37.504972845773686
4134,송파나루,09호선,934,송파나루역 9호선,서울 송파구 백제고분로 지하 446,127.11266171422027,37.51101671275264
4135,한성백제,09호선,935,한성백제역 9호선,서울 송파구 위례성대로 지하 29,127.116449169971,37.5165379932802
4136,올림픽공원,09호선,936,올림픽공원역 9호선,서울 송파구 양재대로 지하 1231,127.130252931248,37.5161163241813
4137,둔촌오륜,09호선,937,둔촌오륜역 9호선,서울 강동구 강동대로 지하 303,127.13865206962898,37.51940803726135
4138,중앙보훈병원,09호선,938,중앙보훈병원역 9호선,서울 강동구 동남로 지하 625,127.14841167813621,37.52840258997037
4201,서울역,공항철도,A01,서울역역 공항철도,서울 용산구 청파로 378,126.96974961781686,37.55332892758497
4202,공덕,공항철도,A02,공덕역 공항철도,서울 마포구 마포대로 지하 92,126.952602261123,37.5423148868697
4123,고속터미널,09호선,923,고속터미널역 9호선,서울 서초구 신반포로 지하 188,127.004211793489,37.5059814899483
4129,봉은사,09호선,929,봉은사역 9호선,서울 강남구 봉은사로 지하 601,127.060233935114,37.5142554489848
4203,홍대입구,공항철도,A03,홍대입구역 공항철도,서울 마포구 양화로 지하 188,126.927010430346,37.5573052656667
4204,디지털미디어시티,공항철도,A04,디지털미디어시티역 공항철도,서울 마포구 성암로 지하 184,126.89788185706144,37.57752092438604
4206,마곡나루,공항철도,A042,마곡나루역 공항철도,서울 강서구 마곡중앙5로 지하 2,126.827420928424,37.5667126094974
4207,김포공항,공항철도,A05,김포공항역 공항철도,서울 강서구 하늘길 지하 77,126.8024731079849,37.561829756420224
4208,계양,공항철도,A06,계양역 공항철도,인천 계양구 다남로 24,126.73627367694554,37.57177084709832
4209,검암,공항철도,A07,검암역 공항철도,인천 서구 검바위로 26,126.67364220875055,37.56925281871912
4210,청라국제도시,공항철도,A071,청라국제도시역 공항철도,인천 서구 청라동 3-50,126.62465841357525,37.55646453155236
4211,운서,공항철도,A08,운서역 공항철도,인천 중구 흰바위로59번길 26,126.493729942049,37.4928088834418
4212,공항화물청사,공항철도,A09,공항화물청사역 공항철도,인천 중구 공항동로135번길 86,126.47751440637,37.4590625046021
4213,인천공항1터미널,공항철도,A10,인천공항1터미널역 공항철도,인천 중구 공항로 271,126.45258454579164,37.44752854508576
4215,인천공항2터미널,공항철도,A11,인천공항2터미널역 공항철도,인천 중구 공항로 272,126.433640888212,37.4688002145258
4217,영종,공항철도,A072,영종역 공항철도,인천 중구 백운로414번길 75,126.524975940011,37.5120289919535
4304,신사,신분당선,D4,신사역 신분당선,서울 강남구 강남대로 620-2,127.019551734927,37.5160820085929
4305,논현,신분당선,D5,논현역 신분당선,서울 강남구 강남대로 492-2,127.021678898276,37.5104125196351
4306,신논현,신분당선,D6,신논현역 신분당선,서울 강남구 강남대로 302-2,127.024926154562,37.5036164990854
4308,양재,신분당선,D8,양재역 신분당선,서울 서초구 남부순환로 지하 2585,127.035154074503,37.4834655780476
4309,양재시민의숲,신분당선,D9,양재시민의숲역 신분당선,서울 서초구 매헌로 지하 116,127.038471341381,37.4701332061395
4310,청계산입구,신분당선,D10,청계산입구역 신분당선,서울 서초구 청계산로 지하 179,127.054720327179,37.4483547387397
4311,판교,신분당선,D11,판교역 신분당선,경기 성남시 분당구 판교역로 지하 160,127.11119782955879,37.39477752734142
4312,정자,신분당선,D12,정자역 신분당선,경기 성남시 분당구 성남대로 지하 333,127.108519062566,37.3673267196137
4313,미금,신분당선,D13,미금역 신분당선,경기 성남시 분당구 성남대로 지하 163,127.10879895547586,37.35007178997763
4314,동천,신분당선,D14,동천역 신분당선,경기 용인시 수지구 신수로 지하 760,127.102870440698,37.3378429142383
4315,수지구청,신분당선,D15,수지구청역 신분당선,경기 용인시 수지구 풍덕천로 지하 120,127.094658560596,37.322492584304
4316,성복,신분당선,D16,성복역 신분당선,경기 용인시 수지구 수지로 지하 134,127.08038367116,37.3135324511783
4317,상현,신분당선,D17,상현역 신분당선,경기 용인시 수지구 광교중앙로 지하 312,127.069363534097,37.2978289663421
4318,광교중앙,신분당선,D18,광교중앙역 신분당선,경기 수원시 영통구 도청로 지하 45,127.051726324729,37.2883843017536
4319,광교,신분당선,D19,광교역 신분당선,경기 수원시 영통구 대학로 55,127.044268853097,37.3021119263654
4401,샛강,신림선,S401,샛강역 신림선,서울 영등포구 의사당대로 지하 166,126.929463427672,37.5171662943088
4402,대방,신림선,S402,대방역 신림선,서울 영등포구 여의대방로 300,126.925415962213,37.5128137623052
4403,서울지방병무청,신림선,S403,서울지방병무청역 신림선,서울 동작구 여의대방로 지하 218,126.922713971785,37.5060553927614
4404,보라매,신림선,S404,보라매역 신림선,서울 동작구 상도로 지하 2,126.920436608423,37.5003072682843
4405,보라매공원,신림선,S405,보라매공원역 신림선,서울 동작구 여의대방로20길 지하 11,126.918140532784,37.4954456720422
4406,보라매병원,신림선,S406,보라매병원역 신림선,서울 동작구 보라매로5길 지하 24,126.923549547206,37.4929643194464
4407,당곡,신림선,S407,당곡역 신림선,서울 관악구 보라매로 6,126.927560844494,37.490223280126
4408,신림,신림선,S408,신림역 신림선,서울 관악구 남부순환로 지하 1614,126.929629471493,37.4848815538296
4409,서원,신림선,S409,서원역 신림선,서울 관악구 신림로 258,126.93310993651,37.4782386357719
4410,서울대벤처타운,신림선,S410,서울대벤처타운역 신림선,서울 관악구 신림로 144,126.933959958388,37.4720023242775
4501,기흥,용인경전철,Y110,기흥역 용인경전철,경기 용인시 기흥구 중부대로 468,127.11704645705142,37.27545287699772
4502,강남대,용인경전철,Y111,강남대역 용인경전철,경기 용인시 기흥구 중부대로 578,127.12606689205987,37.27017072715994
4503,지석,용인경전철,Y112,지석역 용인경전철,경기 용인시 기흥구 어정로 28,127.13663256032949,37.269737317702365
4504,어정,용인경전철,Y113,어정역 용인경전철,경기 용인시 기흥구 어정로 128,127.14374986977646,37.27495131826632
4505,동백,용인경전철,Y114,동백역 용인경전철,경기 용인시 기흥구 동백죽전대로 314,127.15269056435368,37.269101384338924
4506,초당,용인경전철,Y115,초당역 용인경전철,경기 용인시 기흥구 동백죽전대로 204,127.15946923688787,37.26080647373655
4508,삼가,용인경전철,Y116,삼가역 용인경전철,경기 용인시 처인구 중부대로 1098,127.16817999042203,37.24205993395667
4509,시청.용인대,용인경전철,Y117,시청.용인대역 용인경전철,경기 용인시 처인구 중부대로 1199-1,127.17888509175044,37.23944203003437
4808,신현,서해선,845,신현역 서해선,경기 시흥시 신현로12번길 지하 2-10,126.787838368873,37.40956486776796
4809,시흥시청,서해선,846,시흥시청역 서해선,경기 시흥시 시흥대로 지하 467,126.80594809695735,37.38156161940996
4810,시흥능곡,서해선,847,시흥능곡역 서해선,경기 시흥시 시흥대로 지하 327,126.808721340419,37.3699465347315
4811,달미,서해선,848,달미역 서해선,경기 안산시 단원구 순환로 지하 160,126.809416088572,37.3487879549025
4812,선부,서해선,849,선부역 서해선,경기 안산시 단원구 선부동 1075-2,126.809989544577,37.3344084544244
4813,초지,서해선,850,초지역 서해선,경기 안산시 단원구 중앙대로 635,126.807842296925,37.3197434069867
4814,시우,서해선,701,시우역 서해선,경기 안산시 단원구 동산로 지하 50,126.79574223454856,37.313163621585524
4815,원시,서해선,702,원시역 서해선,경기 안산시 단원구 산단로 지하 70,126.786793532374,37.3026237626179
4920,양촌,김포도시철도,690,양촌역 김포도시철도,경기 김포시 양촌읍 양촌역길 107,126.61462594837248,37.64178438994002
4921,구래,김포도시철도,691,구래역 김포도시철도,경기 김포시 김포한강7로 87,126.62857604330732,37.64539340715656
4922,마산,김포도시철도,692,마산역 김포도시철도,경기 김포시 김포한강3로 지하 442,126.644004368759,37.6406117204577
4923,장기,김포도시철도,693,장기역 김포도시철도,경기 김포시 김포한강1로 지하 59,126.66907862282,37.6440651946922
4924,운양,김포도시철도,694,운양역 김포도시철도,경기 김포시 김포한강1로 지하 235,126.683844450975,37.6537750040601
4925,걸포북변,김포도시철도,695,걸포북변역 김포도시철도,경기 김포시 김포대로 지하 1040,126.70577572197524,37.631638772756794
4926,사우,김포도시철도,696,사우역 김포도시철도,경기 김포시 김포대로 지하 852,126.71976741873046,37.620321335136204
4927,풍무,김포도시철도,697,풍무역 김포도시철도,경기 김포시 김포대로 지하 710,126.7324492375288,37.61242840262763
4928,고촌,김포도시철도,698,고촌역 김포도시철도,경기 김포시 고촌읍 김포대로 지하 350,126.770325947061,37.601213413053
4929,김포공항,김포도시철도,699,김포공항역 김포도시철도,서울 강서구 하늘길 지하 77,126.80199188908921,37.56232990369519
4510,명지대,용인경전철,Y118,명지대역 용인경전철,경기 용인시 처인구 금학로 241,127.19029130857074,37.23807628801618
4511,김량장,용인경전철,Y119,김량장역 용인경전철,경기 용인시 처인구 금학로 315,127.19861087939051,37.23732377067836
4512,운동장.송담대,용인경전철,Y120,운동장.송담대역 용인경전철,경기 용인시 처인구 금학로 409,127.20905264479066,37.237911300345324
4513,고진,용인경전철,Y121,고진역 용인경전철,경기 용인시 처인구 경안천로 141,127.21418360142515,37.244638336050315
4514,보평,용인경전철,Y123,보평역 용인경전철,경기 용인시 처인구 경안천로 313,127.21848076908013,37.258964266014694
4515,둔전,용인경전철,Y125,둔전역 용인경전철,경기 용인시 처인구 포곡읍 포곡로 70,127.21363872279483,37.26721221736258
4517,전대.에버랜드,용인경전철,Y126,전대.에버랜드역 용인경전철,경기 용인시 처인구 포곡읍 에버랜드로 143,127.21950896826833,37.28541326931372
4601,발곡,의정부경전철,U110,발곡역 의정부경전철,경기 의정부시 장곡로 258,127.052969199269,37.7271478742052
4602,회룡,의정부경전철,U111,회룡역 의정부경전철,경기 의정부시 평화로 363,127.047069262756,37.7249952537983
4603,범골,의정부경전철,U112,범골역 의정부경전철,경기 의정부시 신흥로 141,127.043668564435,37.7287878498671
4604,경전철의정부,의정부경전철,U113,경전철의정부역 의정부경전철,경기 의정부시 신흥로 237,127.04330596631,37.7372643130628
4605,의정부시청,의정부경전철,U114,의정부시청역 의정부경전철,경기 의정부시 의정로 69,127.034848091039,37.739234834508
4606,흥선,의정부경전철,U115,흥선역 의정부경전철,경기 의정부시 호국로 1197,127.03717589317614,37.74328307869396
4607,의정부중앙,의정부경전철,U117,의정부중앙역 의정부경전철,경기 의정부시 호국로 1305,127.049649812523,37.7436803165603
4608,동오,의정부경전철,U118,동오역 의정부경전철,경기 의정부시 장곡로 471,127.056985043204,37.745269911047
4609,새말,의정부경전철,U119,새말역 의정부경전철,경기 의정부시 장곡로 551,127.063759511679,37.7488486906286
4610,경기도청북부청사,의정부경전철,U120,경기도청북부청사역 의정부경전철,경기 의정부시 장곡로 615,127.071617829299,37.7507650408734
4611,효자,의정부경전철,U121,효자역 의정부경전철,경기 의정부시 부용로 159-40,127.077226606947,37.7539905661041
4612,곤제,의정부경전철,U122,곤제역 의정부경전철,경기 의정부시 천보로 173,127.083822421136,37.7505371570413
4804,소사,서해선,841,소사역 서해선,경기 부천시 소사로 지하 284,126.79506057713336,37.482905634947286
4613,어룡,의정부경전철,U123,어룡역 의정부경전철,경기 의정부시 충의로 125,127.085206837732,37.7426941378158
4614,송산,의정부경전철,U124,송산역 의정부경전철,경기 의정부시 충의로 59,127.08721549161,37.7372760423191
4615,탑석,의정부경전철,U125,탑석역 의정부경전철,경기 의정부시 충의로 20,127.088908165858,37.7334871006703
4701,북한산우이,우이신설경전철,941,북한산우이역 우이신설경전철,서울 강북구 삼양로 지하 676,127.01275713087601,37.66288704047998
4702,솔밭공원,우이신설경전철,942,솔밭공원역 우이신설경전철,서울 강북구 삼양로 595,127.013268181236,37.6559782562487
4703,4.19민주묘지,우이신설경전철,943,4.19민주묘지역 우이신설경전철,서울 강북구 삼양로 519,127.01369763482,37.6495307746374
4704,가오리,우이신설경전철,944,가오리역 우이신설경전철,서울 강북구 삼양로 426,127.01676896839822,37.6415440572233
4705,화계,우이신설경전철,945,화계역 우이신설경전철,서울 강북구 삼양로 341,127.017510491529,37.6340873974011
4706,삼양,우이신설경전철,946,삼양역 우이신설경전철,서울 강북구 삼양로 197,127.020488845069,37.6213181360851
4707,삼양사거리,우이신설경전철,947,삼양사거리역 우이신설경전철,서울 강북구 삼양로 197,127.020488845069,37.6213181360851
4708,솔샘,우이신설경전철,948,솔샘역 우이신설경전철,서울 강북구 솔샘로 지하 189,127.01355180603669,37.620259575206596
4709,북한산보국문,우이신설경전철,949,북한산보국문역 우이신설경전철,서울 성북구 보국문로 지하 88,127.008263392003,37.6121367531121
4710,정릉,우이신설경전철,950,정릉역 우이신설경전철,서울 성북구 아리랑로 지하 122,127.013539545056,37.602614606648
4711,성신여대입구,우이신설경전철,951,성신여대입구역 우이신설경전철,서울 성북구 아리랑로 지하 122,127.013539545056,37.602614606648
4712,보문,우이신설경전철,952,보문역 우이신설경전철,서울 성북구 동소문로 지하 102,127.016549589616,37.5923825668685
4713,신설동,우이신설경전철,953,신설동역 우이신설경전철,서울 동대문구 왕산로 지하 1,127.02320708440578,37.576550995373644
4805,소새울,서해선,842,소새울역 서해선,경기 부천시 소사로 지하 120,126.797283854897,37.4685095548124
4806,시흥대야,서해선,843,시흥대야역 서해선,경기 시흥시 서해안로 지하 1670,126.792993796201,37.4500998726813
4807,신천,서해선,844,신천역 서해선,경기 시흥시 신천로 지하 92,126.78678508124932,37.43924604520613
1271,능곡,경의선,K321,능곡역 경의선,경기 고양시 덕양구 토당로 35,126.82063426387445,37.61898698884321
1326,강촌,경춘선,P137,강촌역 경춘선,강원특별자치도 춘천시 남산면 강촌로 150,127.634151572422,37.805721704842
0150,서울역,01호선,133,서울역역 1호선,서울 중구 세종대로 지하 2,126.97209238331357,37.55597933890212
0151,시청,01호선,132,시청역 1호선,서울 중구 세종대로 지하 101,126.97719821079865,37.56534539636417
0152,종각,01호선,131,종각역 1호선,서울 종로구 종로 지하 55,126.98315081716676,37.570227990912244
0153,종로3가,01호선,130,종로3가역 1호선,서울 종로구 종로 지하 129,126.992153252476,37.570420844523
0154,종로5가,01호선,129,종로5가역 1호선,서울 종로구 종로 지하 216,127.00153834521934,37.57097610838373
0155,동대문,01호선,128,동대문역 1호선,서울 종로구 종로 지하 302,127.01063381083677,37.571669405802616
0156,신설동,01호선,126,신설동역 1호선,서울 동대문구 왕산로 지하 1,127.024456700382,37.5760299683175
0157,제기동,01호선,125,제기동역 1호선,서울 동대문구 왕산로 지하 93,127.03494949507864,37.57817349658033
0158,청량리,01호선,124,청량리역 1호선,서울 동대문구 왕산로 지하 205,127.04472723023305,37.580037056302906
0159,동묘앞,01호선,127,동묘앞역 1호선,서울 종로구 종로 359,127.016364227103,37.5732166600283
0200,까치산,02호선,234-4,까치산역 2호선,서울 강서구 강서로 지하 54,126.846948282657,37.5314060103327
0201,시청,02호선,201,시청역 2호선,서울 중구 서소문로 지하 127,126.97559827045151,37.56368183746611
0202,을지로입구,02호선,202,을지로입구역 2호선,서울 중구 을지로 지하 42,126.9821953112953,37.566035517712955
0300,대곡,경의선,K322,대곡역 경의선,경기 고양시 덕양구 대주로107번길 71-81,126.8100094467358,37.631949960160085
